"Channel","VideoID","Status","Reason","Words","Folder"
"Fouloscopie","zRpcpzs7bDI","UNKNOWN","","0","Fouloscopie"
"Fouloscopie","hmo2uQbpdbI","UNKNOWN","","0","Fouloscopie"
"Fouloscopie","di8MewR_nMs","UNKNOWN","","0","Fouloscopie"
"Fouloscopie","peDhGtFuQ_s","UNKNOWN","","0","Fouloscopie"
"Fouloscopie","P-n_PrTKIbQ","UNKNOWN","","0","Fouloscopie"
"Fouloscopie","1xe3zy2mU2M","UNKNOWN","","0","Fouloscopie"
"Fouloscopie","Y-1qLR2w60M","UNKNOWN","","0","Fouloscopie"
"Fouloscopie","Jtmo3T98eQw","UNKNOWN","","0","Fouloscopie"
"Fouloscopie","gVnPwtMi208","UNKNOWN","","0","Fouloscopie"
"Fouloscopie","Ch7VxxTBe1c","UNKNOWN","","0","Fouloscopie"
"Fouloscopie","qojBLk-h6rk","UNKNOWN","","0","Fouloscopie"
"Fouloscopie","mhLKT4D2YvI","UNKNOWN","","0","Fouloscopie"
"Fouloscopie","YO2QqBLfmXM","UNKNOWN","","0","Fouloscopie"
"Fouloscopie","A5NzffihYzo","UNKNOWN","","0","Fouloscopie"
"Fouloscopie","gtXHv95pwyE","UNKNOWN","","0","Fouloscopie"
"Fouloscopie","EcYcIAaTeRA","UNKNOWN","","0","Fouloscopie"
"Fouloscopie","El1vOdI5xno","UNKNOWN","","0","Fouloscopie"
"Fouloscopie","a_O8u0YT8T0","UNKNOWN","","0","Fouloscopie"
"Fouloscopie","7AktPjxLe8k","UNKNOWN","","0","Fouloscopie"
"Fouloscopie","aH77WLlx8kI","UNKNOWN","","0","Fouloscopie"
"Fouloscopie","EsrDF98FsUk","UNKNOWN","","0","Fouloscopie"
"Fouloscopie","Eh7l4Gvx054","UNKNOWN","","0","Fouloscopie"
"Fouloscopie","5CaVhGTG8eA","UNKNOWN","","0","Fouloscopie"
"Fouloscopie","ppSrAHoGwrI","UNKNOWN","","0","Fouloscopie"
"Fouloscopie","HHCiNPtR1NI","UNKNOWN","","0","Fouloscopie"
"Fouloscopie","w-Oy4TYDnoQ","UNKNOWN","","0","Fouloscopie"
"Fouloscopie","Br5U38OheyM","UNKNOWN","","0","Fouloscopie"
"Fouloscopie","UX7YQ6m2r_o","UNKNOWN","","0","Fouloscopie"
"Fouloscopie","nF0yD6TJR_s","UNKNOWN","","0","Fouloscopie"
"Veritasium","ksn5yrsC3Wg","UNKNOWN","","0","Veritasium"
"Veritasium","PPJ6NJkmDAo","UNKNOWN","","0","Veritasium"
"Veritasium","jjp3WC8Unj8","UNKNOWN","","0","Veritasium"
"Veritasium","YSJY3DvnybE","UNKNOWN","","0","Veritasium"
"Veritasium","9szhjhO9epA","UNKNOWN","","0","Veritasium"
"Veritasium","Ol18JoeXlVI","UNKNOWN","","0","Veritasium"
"Veritasium","aoag03mSuXQ","UNKNOWN","","0","Veritasium"
"Veritasium","cMx139eTxoc","UNKNOWN","","0","Veritasium"
"Veritasium","6HVYHNTDOFs","UNKNOWN","","0","Veritasium"
"Veritasium","XKSjCOKDtpk","UNKNOWN","","0","Veritasium"
"Veritasium","P-4pbFcERnk","UNKNOWN","","0","Veritasium"
"Veritasium","MiUHjLxm3V0","UNKNOWN","","0","Veritasium"
"Veritasium","piHGnG4LsmQ","UNKNOWN","","0","Veritasium"
"Veritasium","NIk_0AW5hFU","UNKNOWN","","0","Veritasium"
"Veritasium","Y-W-w8yNiKU","UNKNOWN","","0","Veritasium"
"Veritasium","HBluLfX2F_k","UNKNOWN","","0","Veritasium"
"Veritasium","QtxVdC7pBQM","UNKNOWN","","0","Veritasium"
"Veritasium","9M_QK4stCJU","UNKNOWN","","0","Veritasium"
"Veritasium","XX7PdJIGiCw","UNKNOWN","","0","Veritasium"
"Veritasium","CYlon2tvywA","UNKNOWN","","0","Veritasium"
"Veritasium","onr80iOoEXs","UNKNOWN","","0","Veritasium"
"Veritasium","tZ8ehplVFp4","UNKNOWN","","0","Veritasium"
"Veritasium","CxVXvFOPIyQ","UNKNOWN","","0","Veritasium"
"Veritasium","AFXLZ7FEJc4","UNKNOWN","","0","Veritasium"
"Veritasium","AGglJehON5g","UNKNOWN","","0","Veritasium"
"Veritasium","KZeIEiBrT_w","UNKNOWN","","0","Veritasium"
"Veritasium","-QTkPfq7w1A","UNKNOWN","","0","Veritasium"
"Veritasium","x32Zq-XvID4","UNKNOWN","","0","Veritasium"
"Veritasium","J3i3F2e4IYs","UNKNOWN","","0","Veritasium"
"Veritasium","SC2eSujzrUY","UNKNOWN","","0","Veritasium"
"Veritasium","Q56PMJbCFXQ","UNKNOWN","","0","Veritasium"
"Veritasium","lcjdwSY2AzM","UNKNOWN","","0","Veritasium"
"Veritasium","_cr46G2K5Fo","UNKNOWN","","0","Veritasium"
"Veritasium","20vUNgRdB4o","UNKNOWN","","0","Veritasium"
"Veritasium","qJZ1Ez28C-A","UNKNOWN","","0","Veritasium"
"Veritasium","dFVrncgIvos","UNKNOWN","","0","Veritasium"
"Veritasium","P_fHJIYENdI","UNKNOWN","","0","Veritasium"
"Veritasium","88bMVbx1dzM","UNKNOWN","","0","Veritasium"
"Veritasium","Ni82f1-cAXg","UNKNOWN","","0","Veritasium"
"Veritasium","H6q6pYZ9Fho","UNKNOWN","","0","Veritasium"
"Veritasium","Rdj5-6t6QI8","UNKNOWN","","0","Veritasium"
"Veritasium","zaXKQ70q4KQ","UNKNOWN","","0","Veritasium"
"Veritasium","rjXZzB5bUAo","UNKNOWN","","0","Veritasium"
"Veritasium","IFaAjR_RRJs","UNKNOWN","","0","Veritasium"
"Veritasium","24GfgNtnjXc","UNKNOWN","","0","Veritasium"
"Veritasium","zTDFhWWPZ4Q","UNKNOWN","","0","Veritasium"
"Veritasium","2oDXbFcHliM","UNKNOWN","","0","Veritasium"
"Veritasium","zB_OApdxcno","UNKNOWN","","0","Veritasium"
"Veritasium","Q10_srZ-pbs","UNKNOWN","","0","Veritasium"
"Veritasium","DJO_9auJhJQ","UNKNOWN","","0","Veritasium"
"Veritasium","cUBz04LlLVk","UNKNOWN","","0","Veritasium"
"Veritasium","w5ebcowAJD8","UNKNOWN","","0","Veritasium"
"Veritasium","wVyu7NB7W6Y","UNKNOWN","","0","Veritasium"
"Veritasium","vjDYfvPW4mA","UNKNOWN","","0","Veritasium"
"Veritasium","qf7ws2DF-zk","UNKNOWN","","0","Veritasium"
"Veritasium","Sn07AMCfaAI","UNKNOWN","","0","Veritasium"
"Veritasium","eLVAMG_3fLg","UNKNOWN","","0","Veritasium"
"Veritasium","v4r71kEdYME","UNKNOWN","","0","Veritasium"
"Veritasium","nfAqTSjMBJk","UNKNOWN","","0","Veritasium"
"Veritasium","Zce-V0YVzeI","UNKNOWN","","0","Veritasium"
"Veritasium","6akmv1bsz1M","UNKNOWN","","0","Veritasium"
"Veritasium","d6iQrh2TK98","UNKNOWN","","0","Veritasium"
"Veritasium","Tt6WQYtefXA","UNKNOWN","","0","Veritasium"
"Veritasium","Zrv1EDIqHkY","UNKNOWN","","0","Veritasium"
"Veritasium","A5w-dEgIU1M","UNKNOWN","","0","Veritasium"
"Veritasium","AF8d72mA41M","UNKNOWN","","0","Veritasium"
"Veritasium","lGJEihgN4OU","UNKNOWN","","0","Veritasium"
"Veritasium","fG8SwAFQFuU","UNKNOWN","","0","Veritasium"
"Veritasium","mScpHTIi-kM","UNKNOWN","","0","Veritasium"
"Veritasium","Q51-gLL_MRM","UNKNOWN","","0","Veritasium"
"Veritasium","FUHkTs-Ipfg","UNKNOWN","","0","Veritasium"
"Veritasium","RQYuyHNLPTQ","UNKNOWN","","0","Veritasium"
"Veritasium","vSQjk9jKarg","UNKNOWN","","0","Veritasium"
"Veritasium","UAeJHAFjwPM","UNKNOWN","","0","Veritasium"
"Veritasium","czjisEGe5Cw","UNKNOWN","","0","Veritasium"
"Veritasium","lFlu60qs7_4","UNKNOWN","","0","Veritasium"
"Veritasium","QQkmJI63ykI","UNKNOWN","","0","Veritasium"
"Veritasium","Is2Lip1cJUc","UNKNOWN","","0","Veritasium"
"Veritasium","ILgSesWMUEI","UNKNOWN","","0","Veritasium"
"Veritasium","8DBhTXM_Br4","UNKNOWN","","0","Veritasium"
"Veritasium","ZjBgEkbnX2I","UNKNOWN","","0","Veritasium"
"Veritasium","FkKPsLxgpuY","UNKNOWN","","0","Veritasium"
"Veritasium","Xzv84ZdtlE0","UNKNOWN","","0","Veritasium"
"Veritasium","lfkjm2YRG-Q","UNKNOWN","","0","Veritasium"
"Veritasium","DxL2HoqLbyA","UNKNOWN","","0","Veritasium"
"Veritasium","6bgNm9l_3qU","UNKNOWN","","0","Veritasium"
"Veritasium","tRaq4aYPzCc","UNKNOWN","","0","Veritasium"
"Veritasium","ZMQbHMgK2rw","UNKNOWN","","0","Veritasium"
"Veritasium","FU_YFpfDqqA","UNKNOWN","","0","Veritasium"
"Veritasium","vSNtifE0Z2Q","UNKNOWN","","0","Veritasium"
"Veritasium","rWVAzS5duAs","UNKNOWN","","0","Veritasium"
"Veritasium","-UrdExQW0cs","UNKNOWN","","0","Veritasium"
"Veritasium","g0amdIcZt5I","UNKNOWN","","0","Veritasium"
"Veritasium","XeSu9fBJ2sI","UNKNOWN","","0","Veritasium"
"Veritasium","vS0TuIPoeBs","UNKNOWN","","0","Veritasium"
"Veritasium","TILjzuBGkRc","UNKNOWN","","0","Veritasium"
"Veritasium","J_n1FZaKzF8","UNKNOWN","","0","Veritasium"
"Veritasium","pXoZQsZP2PY","UNKNOWN","","0","Veritasium"
"Veritasium","pir_muTzYM8","UNKNOWN","","0","Veritasium"
"Veritasium","esQyYGezS7c","UNKNOWN","","0","Veritasium"
"Veritasium","evUfG3lrk5U","UNKNOWN","","0","Veritasium"
"Veritasium","nmgFG7PUHfo","UNKNOWN","","0","Veritasium"
"Veritasium","16Ci_2bN_zc","UNKNOWN","","0","Veritasium"
"Veritasium","daaDuC1kbds","UNKNOWN","","0","Veritasium"
"Veritasium","5eW6Eagr9XA","UNKNOWN","","0","Veritasium"
"Veritasium","EvknN89JoWo","UNKNOWN","","0","Veritasium"
"Veritasium","iSNsgj1OCLA","UNKNOWN","","0","Veritasium"
"Veritasium","6etTERFUlUI","UNKNOWN","","0","Veritasium"
"Veritasium","Q1bSDnuIPbo","UNKNOWN","","0","Veritasium"
"Veritasium","oI_X2cMHNe0","UNKNOWN","","0","Veritasium"
"Veritasium","IV3dnLzthDA","UNKNOWN","","0","Veritasium"
"Veritasium","7ziWrneMYss","UNKNOWN","","0","Veritasium"
"Veritasium","GVsUOuSjvcg","UNKNOWN","","0","Veritasium"
"Veritasium","IgF3OX8nT0w","UNKNOWN","","0","Veritasium"
"Veritasium","ao2Jfm35XeE","UNKNOWN","","0","Veritasium"
"Veritasium","9cNmUNHSBac","UNKNOWN","","0","Veritasium"
"Veritasium","bHIhgxav9LY","UNKNOWN","","0","Veritasium"
"Veritasium","cUzklzVXJwo","UNKNOWN","","0","Veritasium"
"Veritasium","q-_7y0WUnW4","UNKNOWN","","0","Veritasium"
"Veritasium","H1_OpWiyijU","UNKNOWN","","0","Veritasium"
"Veritasium","KT18KJouHWg","UNKNOWN","","0","Veritasium"
"Veritasium","aFPJf-wKTd0","UNKNOWN","","0","Veritasium"
"Veritasium","f-Nr2z5X7Rs","UNKNOWN","","0","Veritasium"
"Veritasium","AaZ_RSt0KP8","UNKNOWN","","0","Veritasium"
"Veritasium","S2xHZPH5Sng","UNKNOWN","","0","Veritasium"
"Veritasium","kz165f1g8-E","UNKNOWN","","0","Veritasium"
"Veritasium","094y1Z2wpJg","UNKNOWN","","0","Veritasium"
"Veritasium","yjztvddhZmI","UNKNOWN","","0","Veritasium"
"Veritasium","rhgwIhB58PA","UNKNOWN","","0","Veritasium"
"Veritasium","yCsgoLc_fzI","UNKNOWN","","0","Veritasium"
"Veritasium","w4sLAQvEH-M","UNKNOWN","","0","Veritasium"
"Veritasium","jyQwgBAaBag","UNKNOWN","","0","Veritasium"
"Veritasium","HeQX2HjkcNo","UNKNOWN","","0","Veritasium"
"Veritasium","OxGsU8oIWjY","UNKNOWN","","0","Veritasium"
"Veritasium","qevIIQHrJZg","UNKNOWN","","0","Veritasium"
"Veritasium","t-_VPRCtiUg","UNKNOWN","","0","Veritasium"
"Veritasium","j5v8D-alAKE","UNKNOWN","","0","Veritasium"
"Veritasium","gMlf1ELvRzc","UNKNOWN","","0","Veritasium"
"Veritasium","058hRtaCWC0","UNKNOWN","","0","Veritasium"
"Veritasium","Grv1RJkdyqI","UNKNOWN","","0","Veritasium"
"Veritasium","YMDJA4UvXLA","UNKNOWN","","0","Veritasium"
"Veritasium","0dqX3NjwaQs","UNKNOWN","","0","Veritasium"
"Veritasium","dBap_Lp-0oc","UNKNOWN","","0","Veritasium"
"Veritasium","4Wrc4fHSCpw","UNKNOWN","","0","Veritasium"
"Veritasium","pTn6Ewhb27k","UNKNOWN","","0","Veritasium"
"Veritasium","9DrBQg_n2Uo","UNKNOWN","","0","Veritasium"
"Veritasium","ljoeOLuX6Z4","UNKNOWN","","0","Veritasium"
"Veritasium","XRr1kaXKBsU","UNKNOWN","","0","Veritasium"
"Veritasium","48sCx-wBs34","UNKNOWN","","0","Veritasium"
"Veritasium","7pSqk-XV2QM","UNKNOWN","","0","Veritasium"
"Veritasium","3LopI4YeC4I","UNKNOWN","","0","Veritasium"
"Veritasium","jn5M48MVWyg","UNKNOWN","","0","Veritasium"
"Veritasium","Kp_kqamkYpw","UNKNOWN","","0","Veritasium"
"Veritasium","m85qDk849_o","UNKNOWN","","0","Veritasium"
"Veritasium","5zI9sG3pjVU","UNKNOWN","","0","Veritasium"
"Veritasium","kTXTPe3wahc","UNKNOWN","","0","Veritasium"
"Veritasium","ovJcsL7vyrk","UNKNOWN","","0","Veritasium"
"Veritasium","Pm9CQn07OjU","UNKNOWN","","0","Veritasium"
"Veritasium","QRt7LjqJ45k","UNKNOWN","","0","Veritasium"
"Veritasium","fDek6cYijxI","UNKNOWN","","0","Veritasium"
"Veritasium","K-Fc08X56R0","UNKNOWN","","0","Veritasium"
"Veritasium","-PWMQR59M68","UNKNOWN","","0","Veritasium"
"Veritasium","ThwuT3_AG6w","UNKNOWN","","0","Veritasium"
"Veritasium","1VPfZ_XzisU","UNKNOWN","","0","Veritasium"
"Veritasium","pe83T9hISoY","UNKNOWN","","0","Veritasium"
"Veritasium","qnOoDE9rj6w","UNKNOWN","","0","Veritasium"
"Veritasium","dCXkaQa53QQ","UNKNOWN","","0","Veritasium"
"Veritasium","GhsZUZmJvaM","UNKNOWN","","0","Veritasium"
"Veritasium","GATuMWAFBUA","UNKNOWN","","0","Veritasium"
"Veritasium","E7uGvsT_nnM","UNKNOWN","","0","Veritasium"
"Veritasium","BtCNBh0AsWM","UNKNOWN","","0","Veritasium"
"Veritasium","GcdB5bFwio4","UNKNOWN","","0","Veritasium"
"Veritasium","BZbChKzedEk","UNKNOWN","","0","Veritasium"
"Veritasium","AeJ9q45PfD0","UNKNOWN","","0","Veritasium"
"Veritasium","fHsa9DqmId8","UNKNOWN","","0","Veritasium"
"Veritasium","uxPdPpi5W4o","UNKNOWN","","0","Veritasium"
"Veritasium","N7lXymxsdhw","UNKNOWN","","0","Veritasium"
"Veritasium","q3kSW633bsk","UNKNOWN","","0","Veritasium"
"Veritasium","S_GVbuddri8","UNKNOWN","","0","Veritasium"
"Veritasium","zUyH3XhpLTo","UNKNOWN","","0","Veritasium"
"Veritasium","rjDX5ItsOnQ","UNKNOWN","","0","Veritasium"
"Veritasium","dg3pza4y2ws","UNKNOWN","","0","Veritasium"
"Veritasium","97t7Xj_iBv0","UNKNOWN","","0","Veritasium"
"Veritasium","eUzB0L0mSCI","UNKNOWN","","0","Veritasium"
"Veritasium","wCrtk-pyP0I","UNKNOWN","","0","Veritasium"
"Veritasium","ZQ--scjcAZ4","UNKNOWN","","0","Veritasium"
"Veritasium","M2CMH57hXmY","UNKNOWN","","0","Veritasium"
"Veritasium","fu3645D4ZlI","UNKNOWN","","0","Veritasium"
"Veritasium","aKwJayXTZUs","BLACKLISTED","Veritasium","0","Veritasium"
"Veritasium","qQhUxd82Rr0","UNKNOWN","","0","Veritasium"
"Veritasium","u3FB2SuKFfI","UNKNOWN","","0","Veritasium"
"Veritasium","c_e1wITe_ig","UNKNOWN","","0","Veritasium"
"Veritasium","SAQ-iIJkLzA","UNKNOWN","","0","Veritasium"
"Veritasium","TIe2oerd25c","UNKNOWN","","0","Veritasium"
"Veritasium","LKPwKFigF8U","UNKNOWN","","0","Veritasium"
"Veritasium","CNodxp9Jy4A","UNKNOWN","","0","Veritasium"
"Veritasium","Cf7Ar3nEUmw","UNKNOWN","","0","Veritasium"
"Veritasium","Yl_K2Ata6XY","UNKNOWN","","0","Veritasium"
"Veritasium","AY6Bg4GzCGs","UNKNOWN","","0","Veritasium"
"Veritasium","V9K6gjR07Po","UNKNOWN","","0","Veritasium"
"Veritasium","rAYW9n8i-C4","UNKNOWN","","0","Veritasium"
"Veritasium","S1tFT4smd6E","UNKNOWN","","0","Veritasium"
"Veritasium","HD3k1hgbUXQ","UNKNOWN","","0","Veritasium"
"Veritasium","XAgXwUwQoPA","UNKNOWN","","0","Veritasium"
"Veritasium","38gVZgE39K8","UNKNOWN","","0","Veritasium"
"Veritasium","yArprk0q9eE","UNKNOWN","","0","Veritasium"
"Veritasium","DL_mJeb6O04","UNKNOWN","","0","Veritasium"
"Veritasium","X_tYrnv_o6A","UNKNOWN","","0","Veritasium"
"Veritasium","EAyk2OsKvtU","UNKNOWN","","0","Veritasium"
"Veritasium","K7pQsR8WFSo","UNKNOWN","","0","Veritasium"
"Veritasium","G10m2ZZRH4U","UNKNOWN","","0","Veritasium"
"Veritasium","Oo0jm1PPRuo","UNKNOWN","","0","Veritasium"
"Veritasium","mNHp8iyyIjo","UNKNOWN","","0","Veritasium"
"Veritasium","4tgOyU34D44","UNKNOWN","","0","Veritasium"
"Veritasium","kvARvzMErnk","UNKNOWN","","0","Veritasium"
"Veritasium","NVKO7UCIlgs","UNKNOWN","","0","Veritasium"
"Veritasium","_k9egfWvb7Y","UNKNOWN","","0","Veritasium"
"Veritasium","iZCRFRgSgas","UNKNOWN","","0","Veritasium"
"Veritasium","SmSJXC6_qQ8","UNKNOWN","","0","Veritasium"
"Veritasium","xdJwG_9kF8s","UNKNOWN","","0","Veritasium"
"Veritasium","e69XZJ9DEj0","UNKNOWN","","0","Veritasium"
"Veritasium","72DCj3BztG4","UNKNOWN","","0","Veritasium"
"Veritasium","HgCXdNhVC1Q","UNKNOWN","","0","Veritasium"
"Veritasium","R13BD8qKeTg","UNKNOWN","","0","Veritasium"
"Veritasium","mXaad0rsV38","UNKNOWN","","0","Veritasium"
"Veritasium","UBVV8pch1dM","UNKNOWN","","0","Veritasium"
"Veritasium","hbXDLKFkjm0","UNKNOWN","","0","Veritasium"
"Veritasium","pCON4zfMzjU","UNKNOWN","","0","Veritasium"
"Veritasium","WBjY3QGNdAw","UNKNOWN","","0","Veritasium"
"Veritasium","iphcyNWFD10","UNKNOWN","","0","Veritasium"
"Veritasium","dvk2PQNcg8w","UNKNOWN","","0","Veritasium"
"Veritasium","DWkYRh6OXy8","UNKNOWN","","0","Veritasium"
"Veritasium","LgrXd0NM2y8","UNKNOWN","","0","Veritasium"
"Veritasium","WIyTZDHuarQ","UNKNOWN","","0","Veritasium"
"Veritasium","Y2nQ8isf55s","UNKNOWN","","0","Veritasium"
"Veritasium","3LyFap2aUN0","UNKNOWN","","0","Veritasium"
"Veritasium","g20JZ2HNZaw","UNKNOWN","","0","Veritasium"
"Veritasium","42QuXLucH3Q","UNKNOWN","","0","Veritasium"
"Veritasium","cebFWOlx848","UNKNOWN","","0","Veritasium"
"Veritasium","-i0InwW0V9k","UNKNOWN","","0","Veritasium"
"Veritasium","rjht4oAByCI","UNKNOWN","","0","Veritasium"
"Veritasium","2_OEsf-1qgY","UNKNOWN","","0","Veritasium"
"Veritasium","5NhIRwCq428","UNKNOWN","","0","Veritasium"
"Veritasium","S20-1_XqVPM","UNKNOWN","","0","Veritasium"
"Veritasium","s7MTM4BKZ_E","UNKNOWN","","0","Veritasium"
"Veritasium","CNQf9vZqv7k","UNKNOWN","","0","Veritasium"
"Veritasium","K4vyRvMASPU","UNKNOWN","","0","Veritasium"
"Veritasium","aIx2N-viNwY","UNKNOWN","","0","Veritasium"
"Veritasium","_dDqFB-PjWg","UNKNOWN","","0","Veritasium"
"Veritasium","He30D8M5fNc","UNKNOWN","","0","Veritasium"
"Veritasium","y9c8oZ49pFc","UNKNOWN","","0","Veritasium"
"Veritasium","c6wuh0NRG1s","UNKNOWN","","0","Veritasium"
"Veritasium","TcxZSmzPw8k","UNKNOWN","","0","Veritasium"
"Veritasium","EKR-HydGohQ","UNKNOWN","","0","Veritasium"
"Veritasium","mUxt--mMjwA","UNKNOWN","","0","Veritasium"
"Veritasium","knDIENvBTgw","UNKNOWN","","0","Veritasium"
"Veritasium","2OSrvzNW9FE","UNKNOWN","","0","Veritasium"
"Veritasium","-OqrZG-EBaQ","UNKNOWN","","0","Veritasium"
"Veritasium","9DWnjcSo9J0","UNKNOWN","","0","Veritasium"
"Veritasium","cO57Zm-WNmg","UNKNOWN","","0","Veritasium"
"Veritasium","ihv4f7VMeJw","UNKNOWN","","0","Veritasium"
"Veritasium","5RLQ9WMP2Es","UNKNOWN","","0","Veritasium"
"Veritasium","IJ6GfBOYeLc","UNKNOWN","","0","Veritasium"
"Veritasium","YMPzDiraNnA","UNKNOWN","","0","Veritasium"
"Veritasium","stRPiifxQnM","UNKNOWN","","0","Veritasium"
"Veritasium","QD3hbVG1yxM","UNKNOWN","","0","Veritasium"
"Veritasium","SQggDnScsvI","UNKNOWN","","0","Veritasium"
"Veritasium","AcLh-aSUdx0","UNKNOWN","","0","Veritasium"
"Veritasium","6YOz9Pxnzho","UNKNOWN","","0","Veritasium"
"Veritasium","wU5XkhUGzBs","UNKNOWN","","0","Veritasium"
"Veritasium","ZuvK-od647c","UNKNOWN","","0","Veritasium"
"Veritasium","vBX-KulgJ1o","UNKNOWN","","0","Veritasium"
"Veritasium","TRL7o2kPqw0","UNKNOWN","","0","Veritasium"
"Veritasium","GEmuEWjHr5c","UNKNOWN","","0","Veritasium"
"Veritasium","lotbZQ55SgU","UNKNOWN","","0","Veritasium"
"Veritasium","rv4MjaF_wow","UNKNOWN","","0","Veritasium"
"Veritasium","Rwa26CXG1fc","UNKNOWN","","0","Veritasium"
"Veritasium","OWXoRSIxyIU","UNKNOWN","","0","Veritasium"
"Veritasium","eNx9tvCrvv8","UNKNOWN","","0","Veritasium"
"Veritasium","jIMihpDmBpY","UNKNOWN","","0","Veritasium"
"Veritasium","1Xp_imnO6WE","UNKNOWN","","0","Veritasium"
"Veritasium","sMb00lz-IfE","UNKNOWN","","0","Veritasium"
"Veritasium","zUDqI9PJpc8","UNKNOWN","","0","Veritasium"
"Veritasium","BD6h-wDj7bw","UNKNOWN","","0","Veritasium"
"Veritasium","XBr4GkRnY04","UNKNOWN","","0","Veritasium"
"Veritasium","C_covjcIcZ4","UNKNOWN","","0","Veritasium"
"Veritasium","2awbKQ2DLRE","UNKNOWN","","0","Veritasium"
"Veritasium","-zShHRkwSoI","UNKNOWN","","0","Veritasium"
"Veritasium","tLMpdBjA2SU","UNKNOWN","","0","Veritasium"
"Veritasium","GeyDf4ooPdo","UNKNOWN","","0","Veritasium"
"Veritasium","vKA4w2O61Xo","UNKNOWN","","0","Veritasium"
"Veritasium","mXVGIb3bzHI","UNKNOWN","","0","Veritasium"
"Veritasium","oVfHeWTKjag","UNKNOWN","","0","Veritasium"
"Veritasium","EPsG8td7C5k","UNKNOWN","","0","Veritasium"
"Veritasium","akIBlq5xAec","UNKNOWN","","0","Veritasium"
"Veritasium","N8HrMZB6_dU","UNKNOWN","","0","Veritasium"
"Veritasium","1tSqSMOyNFE","UNKNOWN","","0","Veritasium"
"Veritasium","_xU3IRbCbyQ","UNKNOWN","","0","Veritasium"
"Veritasium","F69uqDIhr60","UNKNOWN","","0","Veritasium"
"Veritasium","1TKSfAkWWN0","UNKNOWN","","0","Veritasium"
"Veritasium","BLYoyLcdGPc","UNKNOWN","","0","Veritasium"
"Veritasium","vWVZ6APXM4w","UNKNOWN","","0","Veritasium"
"Veritasium","sWu9CyDwuFs","UNKNOWN","","0","Veritasium"
"Veritasium","zNzzGgr2mhk","UNKNOWN","","0","Veritasium"
"Veritasium","IcrBqCFLHIY","UNKNOWN","","0","Veritasium"
"Veritasium","bKldI-XGHIw","UNKNOWN","","0","Veritasium"
"Veritasium","g_IaVepNDT4","UNKNOWN","","0","Veritasium"
"Veritasium","5JGSqG8OLjE","UNKNOWN","","0","Veritasium"
"Veritasium","ro2MmmdARrs","UNKNOWN","","0","Veritasium"
"Veritasium","Ztc6QPNUqls","UNKNOWN","","0","Veritasium"
"Veritasium","J3xLuZNKhlY","UNKNOWN","","0","Veritasium"
"Veritasium","Hx9TwM4Pmhc","UNKNOWN","","0","Veritasium"
"Veritasium","xmYss_hNF4Q","UNKNOWN","","0","Veritasium"
"Veritasium","ZMByI4s-D-Y","UNKNOWN","","0","Veritasium"
"Veritasium","GzbKb59my3U","UNKNOWN","","0","Veritasium"
"Veritasium","cztocbHiiqQ","UNKNOWN","","0","Veritasium"
"Veritasium","Iuv6hY6zsd0","UNKNOWN","","0","Veritasium"
"Veritasium","myh94hpFmJY","UNKNOWN","","0","Veritasium"
"Veritasium","x4I9mmd-2Rc","BLACKLISTED","Veritasium","0","Veritasium"
"Veritasium","a8FTr2qMutA","UNKNOWN","","0","Veritasium"
"Veritasium","WMXhk_SATTc","UNKNOWN","","0","Veritasium"
"Veritasium","oPerfpxYJ1U","UNKNOWN","","0","Veritasium"
"Veritasium","6wr_Zw1uGY8","UNKNOWN","","0","Veritasium"
"Veritasium","uWEp_4fHX4Y","UNKNOWN","","0","Veritasium"
"Veritasium","NqdOyxJZj0U","UNKNOWN","","0","Veritasium"
"Veritasium","BickMFHAZR0","UNKNOWN","","0","Veritasium"
"Veritasium","649iUqrOKuE","UNKNOWN","","0","Veritasium"
"Veritasium","txmKr69jGBk","UNKNOWN","","0","Veritasium"
"Veritasium","aRhkQTQxm4w","UNKNOWN","","0","Veritasium"
"Veritasium","rM04U5BO3Ug","UNKNOWN","","0","Veritasium"
"Veritasium","a7_8Gc_Llr8","UNKNOWN","","0","Veritasium"
"Veritasium","qiiFMRYUEQM","UNKNOWN","","0","Veritasium"
"Veritasium","vqDbMEdLiCs","UNKNOWN","","0","Veritasium"
"Veritasium","ADJKsLEAOHo","UNKNOWN","","0","Veritasium"
"Veritasium","XBtBdNHBNSI","UNKNOWN","","0","Veritasium"
"Veritasium","M4CQ4T_K8Hw","UNKNOWN","","0","Veritasium"
"Veritasium","aFO4PBolwFg","UNKNOWN","","0","Veritasium"
"Veritasium","2PP9lRSmmeo","UNKNOWN","","0","Veritasium"
"Veritasium","ljvX-RMv_lw","UNKNOWN","","0","Veritasium"
"Veritasium","oLyfBhi3xj4","UNKNOWN","","0","Veritasium"
"Veritasium","SnrdqCQuwK8","UNKNOWN","","0","Veritasium"
"Veritasium","5O-wAYKBBSc","UNKNOWN","","0","Veritasium"
"Veritasium","uiyMuHuCFo4","UNKNOWN","","0","Veritasium"
"Veritasium","og1CzUmnSlE","UNKNOWN","","0","Veritasium"
"Veritasium","tDr26U49_VA","UNKNOWN","","0","Veritasium"
"Veritasium","mAA613hqqZ0","UNKNOWN","","0","Veritasium"
"Veritasium","ty9QSiVC2g0","UNKNOWN","","0","Veritasium"
"Veritasium","h0SZZTBQmEs","UNKNOWN","","0","Veritasium"
"Veritasium","iQOHRKKNNLQ","UNKNOWN","","0","Veritasium"
"Veritasium","Ux33-5k8cjg","UNKNOWN","","0","Veritasium"
"Veritasium","knwiWm4DpvQ","UNKNOWN","","0","Veritasium"
"Veritasium","8EGXqZRwbzw","UNKNOWN","","0","Veritasium"
"Veritasium","cY_o4A1wzsg","UNKNOWN","","0","Veritasium"
"Veritasium","2KZb2_vcNTg","UNKNOWN","","0","Veritasium"
"Veritasium","Bwf3msm7rqM","UNKNOWN","","0","Veritasium"
"Veritasium","7rAiZR_zasg","UNKNOWN","","0","Veritasium"
"Veritasium","wQTVcaA3PQw","UNKNOWN","","0","Veritasium"
"Veritasium","lL2e0rWvjKI","UNKNOWN","","0","Veritasium"
"Veritasium","HUmZrtiXDik","UNKNOWN","","0","Veritasium"
"Veritasium","t-3jnOIJg4k","UNKNOWN","","0","Veritasium"
"Veritasium","m8IGMFr62-Q","UNKNOWN","","0","Veritasium"
"Veritasium","I_rw-AJqpCM","UNKNOWN","","0","Veritasium"
"Veritasium","1tXPVTIisl0","UNKNOWN","","0","Veritasium"
"Veritasium","PifL8bAybyc","UNKNOWN","","0","Veritasium"
"Veritasium","Jip3BbZBpsM","UNKNOWN","","0","Veritasium"
"Veritasium","UMnQWn1rkAA","BLACKLISTED","Veritasium","0","Veritasium"
"Veritasium","23f1jvGUWJs","UNKNOWN","","0","Veritasium"
"Veritasium","357_DHp3Nys","UNKNOWN","","0","Veritasium"
"Veritasium","vVKFBaaL4uM","UNKNOWN","","0","Veritasium"
"Veritasium","YHBvOOX3RJQ","UNKNOWN","","0","Veritasium"
"Veritasium","dMwr0VYuExE","UNKNOWN","","0","Veritasium"
"Veritasium","JsytnJ_pSf8","UNKNOWN","","0","Veritasium"
"Veritasium","RwTjsRt0Fzo","UNKNOWN","","0","Veritasium"
"Veritasium","eCMmmEEyOO0","UNKNOWN","","0","Veritasium"
"Veritasium","oKb2tCtpvNU","UNKNOWN","","0","Veritasium"
"Veritasium","KCL8zqjXbME","UNKNOWN","","0","Veritasium"
"Veritasium","p3b9pK-O6cE","UNKNOWN","","0","Veritasium"
"Veritasium","Jeb3O87iXWI","UNKNOWN","","0","Veritasium"
"Veritasium","X-QFAB0gEtE","UNKNOWN","","0","Veritasium"
"Veritasium","KzOkuGQC3Rw","UNKNOWN","","0","Veritasium"
"Veritasium","EJrmR-RGjUM","UNKNOWN","","0","Veritasium"
"Veritasium","CRSDxGtcsxE","UNKNOWN","","0","Veritasium"
"Veritasium","1iIv1SuS164","UNKNOWN","","0","Veritasium"
"Veritasium","qQCVnjGUv24","UNKNOWN","","0","Veritasium"
"Veritasium","gM3zP72-rJE","UNKNOWN","","0","Veritasium"
"Veritasium","Stx6kLd9dYI","UNKNOWN","","0","Veritasium"
"Veritasium","9zso7ChaQXQ","UNKNOWN","","0","Veritasium"
"Veritasium","TQxeutcYP6I","UNKNOWN","","0","Veritasium"
"Veritasium","bcstc1ozczQ","UNKNOWN","","0","Veritasium"
"Veritasium","4qe1Ueifekg","UNKNOWN","","0","Veritasium"
"Veritasium","hNGJ0WHXMyE","UNKNOWN","","0","Veritasium"
"Veritasium","liqF6EamiE4","UNKNOWN","","0","Veritasium"
"Veritasium","YJbKieEC49M","UNKNOWN","","0","Veritasium"
"Veritasium","vKsof8ax_Ns","UNKNOWN","","0","Veritasium"
"Veritasium","FhmLBxyX8Dw","UNKNOWN","","0","Veritasium"
"Veritasium","lYc7kHXW0xg","UNKNOWN","","0","Veritasium"
"Veritasium","zuMjnP1YbPw","UNKNOWN","","0","Veritasium"
"Veritasium","5yFnO2O6XPM","UNKNOWN","","0","Veritasium"
"Veritasium","cY-kiddvAg0","UNKNOWN","","0","Veritasium"
"Veritasium","tYmMtSWPQEI","UNKNOWN","","0","Veritasium"
"Veritasium","1ZcOusmB4Ls","UNKNOWN","","0","Veritasium"
"Veritasium","sehKAccM8p0","UNKNOWN","","0","Veritasium"
"Veritasium","UxbeLdXnaGU","UNKNOWN","","0","Veritasium"
"Veritasium","rmI_9Hty-Lw","UNKNOWN","","0","Veritasium"
"Veritasium","wQmnztyXwVA","UNKNOWN","","0","Veritasium"
"Veritasium","ph8xusY3GTM","UNKNOWN","","0","Veritasium"
"Veritasium","SeDaOigLBTU","UNKNOWN","","0","Veritasium"
"Veritasium","eVtCO84MDj8","UNKNOWN","","0","Veritasium"
"Veritasium","lRbI_vPyOnc","UNKNOWN","","0","Veritasium"
"Veritasium","Yf0BN0kq7OU","UNKNOWN","","0","Veritasium"
"Veritasium","d57C2drB_wc","UNKNOWN","","0","Veritasium"
"Veritasium","_mCC-68LyZM","UNKNOWN","","0","Veritasium"
"Veritasium","oBdalzRJR5g","UNKNOWN","","0","Veritasium"
"Veritasium","SN1Q5ru2fI0","UNKNOWN","","0","Veritasium"
"Veritasium","8bTdMmNZm2M","UNKNOWN","","0","Veritasium"
"Veritasium","mezkHBPLZ4A","UNKNOWN","","0","Veritasium"
"Veritasium","zN6kCa6xi9k","UNKNOWN","","0","Veritasium"
"Veritasium","aJc4DEkSq4I","UNKNOWN","","0","Veritasium"
"Veritasium","GmlMV7bA0TM","UNKNOWN","","0","Veritasium"
"Veritasium","Bz9D6xba9Og","UNKNOWN","","0","Veritasium"
"Veritasium","u7KpH9_I2Dw","UNKNOWN","","0","Veritasium"
"Veritasium","7LGi-Dlb8Vs","UNKNOWN","","0","Veritasium"
"Veritasium","_Z0X0yE8Ioc","UNKNOWN","","0","Veritasium"
"Veritasium","-vomqiURUgA","UNKNOWN","","0","Veritasium"
"Veritasium","DBjZz0iQrzI","UNKNOWN","","0","Veritasium"
"Veritasium","WwmJ5nMmigQ","UNKNOWN","","0","Veritasium"
"Veritasium","2xKZRpAsWL8","UNKNOWN","","0","Veritasium"
"Veritasium","JUJPyQtoB5E","UNKNOWN","","0","Veritasium"
"Veritasium","U2g1H5wPmUE","UNKNOWN","","0","Veritasium"
"Veritasium","b3TRUDKpoAs","UNKNOWN","","0","Veritasium"
"Veritasium","cU2dZz18P0c","UNKNOWN","","0","Veritasium"
"Veritasium","iRach9lpIlg","UNKNOWN","","0","Veritasium"
"Veritasium","MVFd0qFB9TE","UNKNOWN","","0","Veritasium"
"Veritasium","h2KFNdLqAiU","UNKNOWN","","0","Veritasium"
"Veritasium","2GUah9xHVto","UNKNOWN","","0","Veritasium"
"Veritasium","BU5HwNyE4mk","UNKNOWN","","0","Veritasium"
"Veritasium","zP5uhMpH4mE","UNKNOWN","","0","Veritasium"
"Veritasium","R8oiho_gKSo","UNKNOWN","","0","Veritasium"
"Veritasium","DJ_5_JS9_Rs","UNKNOWN","","0","Veritasium"
"Veritasium","qtPPfM7Tz1o","UNKNOWN","","0","Veritasium"
"Veritasium","Bl0WZvAeDik","UNKNOWN","","0","Veritasium"
"Veritasium","Bt3boxwRF84","UNKNOWN","","0","Veritasium"
"Veritasium","w2TLv30F6UU","UNKNOWN","","0","Veritasium"
"Veritasium","itSkBESLZeY","UNKNOWN","","0","Veritasium"
"Veritasium","fkxoaD47-Vo","UNKNOWN","","0","Veritasium"
"Veritasium","nMqWWO6p7-c","UNKNOWN","","0","Veritasium"
"Veritasium","Bb0uDpvitoE","UNKNOWN","","0","Veritasium"
"Veritasium","gGtuw7Rejtk","UNKNOWN","","0","Veritasium"
"Veritasium","HVySQLuxLkI","UNKNOWN","","0","Veritasium"
"Veritasium","tWRyiCP17do","UNKNOWN","","0","Veritasium"
"Veritasium","h830G5mkTF4","UNKNOWN","","0","Veritasium"
"Veritasium","kh9OmFBg8qI","UNKNOWN","","0","Veritasium"
"Veritasium","S7xvqDUPoJo","UNKNOWN","","0","Veritasium"
"Veritasium","q6WlXhtVvkg","UNKNOWN","","0","Veritasium"
"Veritasium","b8XVCsXyIZs","UNKNOWN","","0","Veritasium"
"Veritasium","OW9Mq3wrEqY","UNKNOWN","","0","Veritasium"
"Veritasium","zQ2ZJuUJeyo","UNKNOWN","","0","Veritasium"
"Veritasium","y2y8ME02lX4","UNKNOWN","","0","Veritasium"
"Veritasium","UKfnXd3x-rw","UNKNOWN","","0","Veritasium"
"Veritasium","za_HO2E3JEU","UNKNOWN","","0","Veritasium"
"Veritasium","49NikeBCzWo","UNKNOWN","","0","Veritasium"
"Veritasium","Jqz_YuyXKJI","UNKNOWN","","0","Veritasium"
"Veritasium","zeZddwimLc8","UNKNOWN","","0","Veritasium"
"Veritasium","4LYlMqBXTJI","UNKNOWN","","0","Veritasium"
"Veritasium","ZC98ZK6Ivug","UNKNOWN","","0","Veritasium"
"Veritasium","DCiPrr-dQyw","UNKNOWN","","0","Veritasium"
"Veritasium","mqo1lQL59VI","UNKNOWN","","0","Veritasium"
"Veritasium","pgGrQjYcm5A","UNKNOWN","","0","Veritasium"
"Veritasium","NKG0pRwTC5A","UNKNOWN","","0","Veritasium"
"Veritasium","0MX-5BDeEnA","UNKNOWN","","0","Veritasium"
"Veritasium","ORxKf1FN3ro","UNKNOWN","","0","Veritasium"
"Veritasium","nhW0FLEqUkk","UNKNOWN","","0","Veritasium"
"Veritasium","WKvAsz3RoRE","UNKNOWN","","0","Veritasium"
"Veritasium","8fNFd2Xswjs","UNKNOWN","","0","Veritasium"
"Veritasium","scliyWrN7mk","UNKNOWN","","0","Veritasium"
"Veritasium","2FLqOI9jw-E","UNKNOWN","","0","Veritasium"
"Veritasium","sE-RUu9ClsU","UNKNOWN","","0","Veritasium"
"Veritasium","dAik8EeDyEI","UNKNOWN","","0","Veritasium"
"Veritasium","ov_7HT8bbX4","UNKNOWN","","0","Veritasium"
"Veritasium","QAWnEVa9vmw","BLACKLISTED","Veritasium","0","Veritasium"
"Veritasium","w7yFikRD_iQ","UNKNOWN","","0","Veritasium"
"Veritasium","LCQu8EXiDAA","UNKNOWN","","0","Veritasium"
"Veritasium","LY6xeFpBeMQ","UNKNOWN","","0","Veritasium"
"Veritasium","uDeQB9OkoXY","UNKNOWN","","0","Veritasium"
"Veritasium","Ko02mUWhItA","UNKNOWN","","0","Veritasium"
"Veritasium","rmxh8Nty_eo","UNKNOWN","","0","Veritasium"
"Veritasium","Tmy7VYhZEKQ","UNKNOWN","","0","Veritasium"
"Veritasium","n8WxkqMRgS4","UNKNOWN","","0","Veritasium"
"Veritasium","P_MSlxczd94","UNKNOWN","","0","Veritasium"
"Veritasium","QiVgJPVKRGI","UNKNOWN","","0","Veritasium"
"Veritasium","NdWFCygzr8k","UNKNOWN","","0","Veritasium"
"Veritasium","k5s1cMNTmGs","UNKNOWN","","0","Veritasium"
"ScienceEtonnante","V35v6HjG67U","UNKNOWN","","0","ScienceEtonnante"
"ScienceEtonnante","svkQLQTrU8E","UNKNOWN","","0","ScienceEtonnante"
"ScienceEtonnante","ZC7FwlWxQzM","UNKNOWN","","0","ScienceEtonnante"
"ScienceEtonnante","xNuHtbrKwBY","UNKNOWN","","0","ScienceEtonnante"
"ScienceEtonnante","lnEdBE7d_h0","UNKNOWN","","0","ScienceEtonnante"
"ScienceEtonnante","o_swEgbBhMU","UNKNOWN","","0","ScienceEtonnante"
"ScienceEtonnante","HR3fLfHu9U4","UNKNOWN","","0","ScienceEtonnante"
"ScienceEtonnante","YcIbZGTRMjI","UNKNOWN","","0","ScienceEtonnante"
"ScienceEtonnante","N_3FMrUUS6A","UNKNOWN","","0","ScienceEtonnante"
"ScienceEtonnante","TEp_9-ycjdI","UNKNOWN","","0","ScienceEtonnante"
"ScienceEtonnante","urA4kc35VAs","UNKNOWN","","0","ScienceEtonnante"
"ScienceEtonnante","oW7eCCt0B4c","UNKNOWN","","0","ScienceEtonnante"
"ScienceEtonnante","-oRYuFFSokc","UNKNOWN","","0","ScienceEtonnante"
"ScienceEtonnante","IYoT9kigF-w","UNKNOWN","","0","ScienceEtonnante"
"ScienceEtonnante","9oRDksmH0zM","UNKNOWN","","0","ScienceEtonnante"
"ScienceEtonnante","mfhfSRjzlvc","UNKNOWN","","0","ScienceEtonnante"
"ScienceEtonnante","1Yv8m398Fv0","UNKNOWN","","0","ScienceEtonnante"
"ScienceEtonnante","PlzV4aJ7iMI","UNKNOWN","","0","ScienceEtonnante"
"ScienceEtonnante","v-lZ1e9IMNM","UNKNOWN","","0","ScienceEtonnante"
"ScienceEtonnante","Zg8VGEdcY84","UNKNOWN","","0","ScienceEtonnante"
"ScienceEtonnante","ewc8FBtEKPs","UNKNOWN","","0","ScienceEtonnante"
"ScienceEtonnante","8ueBiBOTs9E","UNKNOWN","","0","ScienceEtonnante"
"ScienceEtonnante","RVB3PBPxMWg","UNKNOWN","","0","ScienceEtonnante"
"ScienceEtonnante","dZw31yMDokk","UNKNOWN","","0","ScienceEtonnante"
"ScienceEtonnante","XE7FKLfZzBA","UNKNOWN","","0","ScienceEtonnante"
"ScienceEtonnante","hXvoyKGwFJk","UNKNOWN","","0","ScienceEtonnante"
"ScienceEtonnante","7ell8KEbhJo","UNKNOWN","","0","ScienceEtonnante"
"ScienceEtonnante","1hVm_SyUcwE","UNKNOWN","","0","ScienceEtonnante"
"ScienceEtonnante","l_mYUOhIOMg","UNKNOWN","","0","ScienceEtonnante"
"ScienceEtonnante","tdelUss-5hY","UNKNOWN","","0","ScienceEtonnante"
"ScienceEtonnante","_kO2kp9je5o","UNKNOWN","","0","ScienceEtonnante"
"ScienceEtonnante","tR2LgBekZKw","UNKNOWN","","0","ScienceEtonnante"
"ScienceEtonnante","Br7tE3OtbQo","UNKNOWN","","0","ScienceEtonnante"
"ScienceEtonnante","J-pV9vxMF8Q","UNKNOWN","","0","ScienceEtonnante"
"ScienceEtonnante","Q-g0I846cbs","UNKNOWN","","0","ScienceEtonnante"
"ScienceEtonnante","bnl05iaftB0","UNKNOWN","","0","ScienceEtonnante"
"ScienceEtonnante","v3eSu9ac7Wk","UNKNOWN","","0","ScienceEtonnante"
"ScienceEtonnante","7Vy1Cg5O5Pc","UNKNOWN","","0","ScienceEtonnante"
"ScienceEtonnante","Ceafhu9_vro","UNKNOWN","","0","ScienceEtonnante"
"ScienceEtonnante","ekH8_U8oZlk","UNKNOWN","","0","ScienceEtonnante"
"ScienceEtonnante","iw4_7ioHWF4","UNKNOWN","","0","ScienceEtonnante"
"ScienceEtonnante","7EDJWnGPxwQ","UNKNOWN","","0","ScienceEtonnante"
"ScienceEtonnante","FGwmAEMabm4","UNKNOWN","","0","ScienceEtonnante"
"ScienceEtonnante","jyQ_hUVI4Gk","UNKNOWN","","0","ScienceEtonnante"
"ScienceEtonnante","CsQNF9s78Nc","UNKNOWN","","0","ScienceEtonnante"
"ScienceEtonnante","lms2jQeHnVs","UNKNOWN","","0","ScienceEtonnante"
"ScienceEtonnante","EvRej1Gkrhc","UNKNOWN","","0","ScienceEtonnante"
"ScienceEtonnante","MrsjMiL9W9o","UNKNOWN","","0","ScienceEtonnante"
"ScienceEtonnante","CwqoAVMzgp4","UNKNOWN","","0","ScienceEtonnante"
"ScienceEtonnante","Sm_FgccC9dk","UNKNOWN","","0","ScienceEtonnante"
"ScienceEtonnante","XncDE6IT6lY","UNKNOWN","","0","ScienceEtonnante"
"ScienceEtonnante","zcdxEm5DP84","UNKNOWN","","0","ScienceEtonnante"
"ScienceEtonnante","8b3lhDyVqgk","UNKNOWN","","0","ScienceEtonnante"
"ScienceEtonnante","z4tkHuWZbRA","UNKNOWN","","0","ScienceEtonnante"
"ScienceEtonnante","iM8cya6RcuU","UNKNOWN","","0","ScienceEtonnante"
"ScienceEtonnante","iRIJLMstfx4","UNKNOWN","","0","ScienceEtonnante"
"ScienceEtonnante","OGewxRMME8o","UNKNOWN","","0","ScienceEtonnante"
"ScienceEtonnante","tMkpjjjDRYI","UNKNOWN","","0","ScienceEtonnante"
"ScienceEtonnante","OeZ_63iKPho","UNKNOWN","","0","ScienceEtonnante"
"ScienceEtonnante","28UN70790Do","UNKNOWN","","0","ScienceEtonnante"
"ScienceEtonnante","G7Yw6PPg7JU","UNKNOWN","","0","ScienceEtonnante"
"ScienceEtonnante","xUEu6tSL-Gg","UNKNOWN","","0","ScienceEtonnante"
"ScienceEtonnante","AgtOCNCejQ8","UNKNOWN","","0","ScienceEtonnante"
"ScienceEtonnante","hB1kmGzpIrw","UNKNOWN","","0","ScienceEtonnante"
"ScienceEtonnante","n3z9AEqSwFU","UNKNOWN","","0","ScienceEtonnante"
"ScienceEtonnante","yeX_Zs7zztY","UNKNOWN","","0","ScienceEtonnante"
"ScienceEtonnante","T-z_zRcLGAk","UNKNOWN","","0","ScienceEtonnante"
"ScienceEtonnante","8bUNGLlp048","UNKNOWN","","0","ScienceEtonnante"
"ScienceEtonnante","dO1pLi2Dedw","UNKNOWN","","0","ScienceEtonnante"
"ScienceEtonnante","mFilSnstW8U","UNKNOWN","","0","ScienceEtonnante"
"ScienceEtonnante","KaRd_eB2qOA","UNKNOWN","","0","ScienceEtonnante"
"ScienceEtonnante","KvculWl-jhE","UNKNOWN","","0","ScienceEtonnante"
"ScienceEtonnante","r-ESaj_4ujc","UNKNOWN","","0","ScienceEtonnante"
"ScienceEtonnante","2Z9p_I3hhUc","UNKNOWN","","0","ScienceEtonnante"
"ScienceEtonnante","NkdczX1Sq-U","UNKNOWN","","0","ScienceEtonnante"
"ScienceEtonnante","uk2G8-vebm4","UNKNOWN","","0","ScienceEtonnante"
"ScienceEtonnante","kJFfleuDHrU","UNKNOWN","","0","ScienceEtonnante"
"ScienceEtonnante","xuBzQ38DNhE","UNKNOWN","","0","ScienceEtonnante"
"ScienceEtonnante","BM-LDPLJt-k","UNKNOWN","","0","ScienceEtonnante"
"ScienceEtonnante","E5LvA8FHBxs","UNKNOWN","","0","ScienceEtonnante"
"ScienceEtonnante","MWUEh0xqtB4","UNKNOWN","","0","ScienceEtonnante"
"ScienceEtonnante","igf6MLmkBcw","UNKNOWN","","0","ScienceEtonnante"
"ScienceEtonnante","zPolTp0ddRg","UNKNOWN","","0","ScienceEtonnante"
"ScienceEtonnante","0zO0dqQKz2Y","UNKNOWN","","0","ScienceEtonnante"
"ScienceEtonnante","YrOyRCD7M14","UNKNOWN","","0","ScienceEtonnante"
"ScienceEtonnante","zT1avZJB-_M","UNKNOWN","","0","ScienceEtonnante"
"ScienceEtonnante","lqg-4TpReo4","UNKNOWN","","0","ScienceEtonnante"
"ScienceEtonnante","S-W0NX97DB0","UNKNOWN","","0","ScienceEtonnante"
"ScienceEtonnante","850Zr6dzxYU","UNKNOWN","","0","ScienceEtonnante"
"ScienceEtonnante","r-RHHrrdbfM","UNKNOWN","","0","ScienceEtonnante"
"ScienceEtonnante","muWrmfXpivY","UNKNOWN","","0","ScienceEtonnante"
"ScienceEtonnante","KIGfevsoS8Q","UNKNOWN","","0","ScienceEtonnante"
"ScienceEtonnante","M86YM6QA4-M","UNKNOWN","","0","ScienceEtonnante"
"ScienceEtonnante","1Uhbki--UPw","UNKNOWN","","0","ScienceEtonnante"
"ScienceEtonnante","gxtqGhhomQE","UNKNOWN","","0","ScienceEtonnante"
"ScienceEtonnante","8WkBP2RU5nw","UNKNOWN","","0","ScienceEtonnante"
"ScienceEtonnante","cTYvCpLRwao","UNKNOWN","","0","ScienceEtonnante"
"ScienceEtonnante","GRkLdcbFSvg","UNKNOWN","","0","ScienceEtonnante"
"ScienceEtonnante","YhEFWFs6BJs","UNKNOWN","","0","ScienceEtonnante"
"ScienceEtonnante","bayTbt_8aNc","UNKNOWN","","0","ScienceEtonnante"
"ScienceEtonnante","StRqGx9ri2I","UNKNOWN","","0","ScienceEtonnante"
"ScienceEtonnante","M5X_Ijxm2bw","UNKNOWN","","0","ScienceEtonnante"
"ScienceEtonnante","MCg2lw4Nxno","UNKNOWN","","0","ScienceEtonnante"
"ScienceEtonnante","82jOF4Q6gBU","UNKNOWN","","0","ScienceEtonnante"
"ScienceEtonnante","CiF-w5Lm_f0","UNKNOWN","","0","ScienceEtonnante"
"ScienceEtonnante","rdB4dH_clgU","UNKNOWN","","0","ScienceEtonnante"
"ScienceEtonnante","ZoGH7d51bvc","UNKNOWN","","0","ScienceEtonnante"
"ScienceEtonnante","ZOR8RUoFhI8","UNKNOWN","","0","ScienceEtonnante"
"ScienceEtonnante","R37JHiA-HOg","UNKNOWN","","0","ScienceEtonnante"
"ScienceEtonnante","9AJHdGcyqh8","UNKNOWN","","0","ScienceEtonnante"
"ScienceEtonnante","3MJJvXGuDag","UNKNOWN","","0","ScienceEtonnante"
"ScienceEtonnante","yIEmc7ffTeM","UNKNOWN","","0","ScienceEtonnante"
"ScienceEtonnante","gVYQfiXD2ec","UNKNOWN","","0","ScienceEtonnante"
"ScienceEtonnante","ynwfcarVkLQ","UNKNOWN","","0","ScienceEtonnante"
"ScienceEtonnante","MXcY8Cf6hsI","UNKNOWN","","0","ScienceEtonnante"
"ScienceEtonnante","GCmfXMMhRzk","UNKNOWN","","0","ScienceEtonnante"
"ScienceEtonnante","du34gPopY5Y","UNKNOWN","","0","ScienceEtonnante"
"ScienceEtonnante","Iun1QLA43xE","UNKNOWN","","0","ScienceEtonnante"
"ScienceEtonnante","fxTxU0Echq8","UNKNOWN","","0","ScienceEtonnante"
"ScienceEtonnante","xJO5GstqTSY","UNKNOWN","","0","ScienceEtonnante"
"ScienceEtonnante","bD9wUg2aaKM","UNKNOWN","","0","ScienceEtonnante"
"ScienceEtonnante","1MUcizMqVAc","UNKNOWN","","0","ScienceEtonnante"
"ScienceEtonnante","trWrEWfhTVg","UNKNOWN","","0","ScienceEtonnante"
"ScienceEtonnante","xS9dW25tJc0","UNKNOWN","","0","ScienceEtonnante"
"ScienceEtonnante","P6eBraOUBLw","UNKNOWN","","0","ScienceEtonnante"
"ScienceEtonnante","FvbNrwjIrNU","UNKNOWN","","0","ScienceEtonnante"
"ScienceEtonnante","9jWV0QQlQTs","UNKNOWN","","0","ScienceEtonnante"
"ScienceEtonnante","1WKWEbmaN30","UNKNOWN","","0","ScienceEtonnante"
"ScienceEtonnante","1YrbUBSo4Os","UNKNOWN","","0","ScienceEtonnante"
"ScienceEtonnante","5R6k2mEacZo","UNKNOWN","","0","ScienceEtonnante"
"ScienceEtonnante","GVShfOG2Lqg","UNKNOWN","","0","ScienceEtonnante"
"ScienceEtonnante","qZRYGxF6D3w","UNKNOWN","","0","ScienceEtonnante"
"ScienceEtonnante","R6eywXdssMw","UNKNOWN","","0","ScienceEtonnante"
"ScienceEtonnante","TdnER8AeIdw","UNKNOWN","","0","ScienceEtonnante"
"ScienceEtonnante","bYVE05egjPg","UNKNOWN","","0","ScienceEtonnante"
"ScienceEtonnante","YsR7r2378j0","UNKNOWN","","0","ScienceEtonnante"
"ScienceEtonnante","Rj3jTw2DxXQ","UNKNOWN","","0","ScienceEtonnante"
"ScienceEtonnante","nMP2lXxyPZo","UNKNOWN","","0","ScienceEtonnante"
"ScienceEtonnante","HTI97yib_rw","UNKNOWN","","0","ScienceEtonnante"
"ScienceEtonnante","QDlNRq9yQKo","UNKNOWN","","0","ScienceEtonnante"
"ScienceEtonnante","yYaWTDZxIOM","UNKNOWN","","0","ScienceEtonnante"
"ScienceEtonnante","nv44xCo24rg","UNKNOWN","","0","ScienceEtonnante"
"ScienceEtonnante","EmfvKXO5DZk","UNKNOWN","","0","ScienceEtonnante"
"ScienceEtonnante","8BM9LPDjOw0","UNKNOWN","","0","ScienceEtonnante"
"ScienceEtonnante","KQ0IVVQRw9E","UNKNOWN","","0","ScienceEtonnante"
"ScienceEtonnante","YjrrpMN3vIg","UNKNOWN","","0","ScienceEtonnante"
"ScienceEtonnante","vs_Zzf_vL2I","UNKNOWN","","0","ScienceEtonnante"
"ScienceEtonnante","6WQ9sqIHBCA","UNKNOWN","","0","ScienceEtonnante"
"ScienceEtonnante","rXhzeKh8yBk","UNKNOWN","","0","ScienceEtonnante"
"ScienceEtonnante","g_nTfZ9OgJs","UNKNOWN","","0","ScienceEtonnante"
"ScienceEtonnante","yd_bfJ9kpPA","UNKNOWN","","0","ScienceEtonnante"
"ScienceEtonnante","Sz-tnYUqkC4","UNKNOWN","","0","ScienceEtonnante"
"ScienceEtonnante","SszyI_AtKCU","UNKNOWN","","0","ScienceEtonnante"
"Scilabus","BgPWCQ1EBpA","UNKNOWN","","0","Scilabus"
"Scilabus","ci2InLkUaf0","UNKNOWN","","0","Scilabus"
"Scilabus","iG6BQ6_kaEg","UNKNOWN","","0","Scilabus"
"Scilabus","YiVMy_ZTDRY","UNKNOWN","","0","Scilabus"
"Scilabus","TGw5B0BCHFk","UNKNOWN","","0","Scilabus"
"Scilabus","BUOMAf548V0","UNKNOWN","","0","Scilabus"
"Scilabus","wWbR0LlHVLk","UNKNOWN","","0","Scilabus"
"Scilabus","rB-s51uPACc","UNKNOWN","","0","Scilabus"
"Scilabus","yALijI1YBrw","UNKNOWN","","0","Scilabus"
"Scilabus","izJCsexfCUY","UNKNOWN","","0","Scilabus"
"Scilabus","eOlc9GXRmy0","UNKNOWN","","0","Scilabus"
"Scilabus","nDUSrxeZv6M","UNKNOWN","","0","Scilabus"
"Scilabus","b7NhHuHeaOg","UNKNOWN","","0","Scilabus"
"Scilabus","CTp9QNhRhiw","UNKNOWN","","0","Scilabus"
"Scilabus","P0wx8YQLTDQ","UNKNOWN","","0","Scilabus"
"Scilabus","3ArbUgOdXoo","UNKNOWN","","0","Scilabus"
"Scilabus","3ZAwT8DUtvU","UNKNOWN","","0","Scilabus"
"Scilabus","uJjpMVKjtfM","UNKNOWN","","0","Scilabus"
"Scilabus","6BwM0SNubv0","UNKNOWN","","0","Scilabus"
"Scilabus","W6GNB7RLXYM","UNKNOWN","","0","Scilabus"
"Scilabus","nYib8hNkG1k","UNKNOWN","","0","Scilabus"
"Scilabus","r6E8FC8gQik","UNKNOWN","","0","Scilabus"
"Scilabus","61JT7BlI3-0","UNKNOWN","","0","Scilabus"
"Scilabus","oyQJOVOC3Wc","UNKNOWN","","0","Scilabus"
"Scilabus","HsadlAnuk58","UNKNOWN","","0","Scilabus"
"Scilabus","28xvyGOgM00","UNKNOWN","","0","Scilabus"
"Scilabus","xtoBypqrB6Q","UNKNOWN","","0","Scilabus"
"Scilabus","aZK3aFuhVdg","UNKNOWN","","0","Scilabus"
"Scilabus","0uLLQOMOsWo","UNKNOWN","","0","Scilabus"
"Scilabus","xVb8TdG6UL4","UNKNOWN","","0","Scilabus"
"Scilabus","JiiZ2DJLge8","UNKNOWN","","0","Scilabus"
"Scilabus","d96e2LbRghg","UNKNOWN","","0","Scilabus"
"Scilabus","5VxaoK36mCQ","UNKNOWN","","0","Scilabus"
"Scilabus","cnZCYmVwqFI","UNKNOWN","","0","Scilabus"
"Scilabus","sC-VF7RqY6E","UNKNOWN","","0","Scilabus"
"Scilabus","9q07HMOqlFo","UNKNOWN","","0","Scilabus"
"Scilabus","396Zm7w2cNo","UNKNOWN","","0","Scilabus"
"Scilabus","M5Ya8D8iaII","UNKNOWN","","0","Scilabus"
"Scilabus","JZefv86jReI","UNKNOWN","","0","Scilabus"
"Scilabus","j0H-RCfwFKs","UNKNOWN","","0","Scilabus"
"Scilabus","CpcUkn4c7x4","UNKNOWN","","0","Scilabus"
"Scilabus","sd1f4xRgieM","UNKNOWN","","0","Scilabus"
"Scilabus","q1FsjJVKnNg","UNKNOWN","","0","Scilabus"
"Scilabus","Ab7igXjIxvA","UNKNOWN","","0","Scilabus"
"Scilabus","mj27OU__BRs","UNKNOWN","","0","Scilabus"
"Scilabus","m8wcMyZUT-c","UNKNOWN","","0","Scilabus"
"Scilabus","xFoJzjfMaIo","UNKNOWN","","0","Scilabus"
"Scilabus","f7hcXMCwGLw","UNKNOWN","","0","Scilabus"
"Scilabus","OZSqdZW2Xp0","UNKNOWN","","0","Scilabus"
"Scilabus","sAhMJYLDAKQ","UNKNOWN","","0","Scilabus"
"Scilabus","5jYlFZY_vUs","UNKNOWN","","0","Scilabus"
"Scilabus","url1TFdHlSI","UNKNOWN","","0","Scilabus"
"Scilabus","vwJ1YdN2XEE","UNKNOWN","","0","Scilabus"
"Scilabus","wKB-ZI2gXsk","UNKNOWN","","0","Scilabus"
"Scilabus","UEGx4Ofhzo0","UNKNOWN","","0","Scilabus"
"Scilabus","39agCkh7oFc","UNKNOWN","","0","Scilabus"
"Scilabus","Hf7v9IZBFuw","UNKNOWN","","0","Scilabus"
"Scilabus","ydJLyXYVvM8","UNKNOWN","","0","Scilabus"
"Scilabus","uCpwdjLp8Rc","UNKNOWN","","0","Scilabus"
"Scilabus","HfJO5SuYh1g","UNKNOWN","","0","Scilabus"
"Scilabus","5yhr7RwG0Uw","UNKNOWN","","0","Scilabus"
"Scilabus","LqNnnsQxAFg","UNKNOWN","","0","Scilabus"
"Scilabus","mprtud7P8kw","UNKNOWN","","0","Scilabus"
"Scilabus","o619ERbHrcI","UNKNOWN","","0","Scilabus"
"Scilabus","kr9s9uSQIEo","UNKNOWN","","0","Scilabus"
"Scilabus","kRc45ySGUaE","UNKNOWN","","0","Scilabus"
"Scilabus","N3NXWRWXVK0","UNKNOWN","","0","Scilabus"
"Scilabus","3bdLvGOHROI","UNKNOWN","","0","Scilabus"
"Scilabus","mj3OiMz8SH4","UNKNOWN","","0","Scilabus"
"Scilabus","ARAQUgkdIvQ","UNKNOWN","","0","Scilabus"
"Scilabus","mhlnGVL6MoA","UNKNOWN","","0","Scilabus"
"Scilabus","Z9rX1Uv_7CA","UNKNOWN","","0","Scilabus"
"Scilabus","m2_5hdx0Kf0","UNKNOWN","","0","Scilabus"
"Scilabus","nX8_U3v39Ks","UNKNOWN","","0","Scilabus"
"Scilabus","UPZV2IOKhVE","UNKNOWN","","0","Scilabus"
"Scilabus","guJg1jMAgF0","UNKNOWN","","0","Scilabus"
"Scilabus","pcHXm4Z4zJ4","UNKNOWN","","0","Scilabus"
"Scilabus","5IFfrlavypg","UNKNOWN","","0","Scilabus"
"Scilabus","F4PDTG-D9Pc","UNKNOWN","","0","Scilabus"
"Scilabus","6IKQjxvQgVE","UNKNOWN","","0","Scilabus"
"Scilabus","IjNuPb-PhHI","UNKNOWN","","0","Scilabus"
"Scilabus","xCpa1CLhUwQ","UNKNOWN","","0","Scilabus"
"Scilabus","ShlBFJKPfNc","UNKNOWN","","0","Scilabus"
"Scilabus","XCC75frWSfo","UNKNOWN","","0","Scilabus"
"Scilabus","YxIOU3KC51c","UNKNOWN","","0","Scilabus"
"Scilabus","iQF3URPj9RU","UNKNOWN","","0","Scilabus"
"Scilabus","lvitxX-06qY","UNKNOWN","","0","Scilabus"
"Scilabus","179xP-fF6wA","UNKNOWN","","0","Scilabus"
"Scilabus","Drm_kTmpDWA","UNKNOWN","","0","Scilabus"
"Scilabus","a5pEpQ07B7I","UNKNOWN","","0","Scilabus"
"Scilabus","nCaAqstDmO0","UNKNOWN","","0","Scilabus"
"Scilabus","gzJxYB-rLIU","UNKNOWN","","0","Scilabus"
"Scilabus","35wfWjssk3w","UNKNOWN","","0","Scilabus"
"Scilabus","NbND56pilB8","UNKNOWN","","0","Scilabus"
"Scilabus","bGSi4zO5CQc","UNKNOWN","","0","Scilabus"
"Scilabus","ZCvXfQdJDBQ","UNKNOWN","","0","Scilabus"
"Scilabus","4njWobbybnM","UNKNOWN","","0","Scilabus"
"Scilabus","6WVT17v_4uo","UNKNOWN","","0","Scilabus"
"Scilabus","8JpCI1-U5yo","UNKNOWN","","0","Scilabus"
"Scilabus","tTjI6KI8I2Y","UNKNOWN","","0","Scilabus"
"Scilabus","FJ3Jb4SUvf8","UNKNOWN","","0","Scilabus"
"Scilabus","TATMgXt2jvE","UNKNOWN","","0","Scilabus"
"Scilabus","wxlkyga0Pzs","UNKNOWN","","0","Scilabus"
"Scilabus","1k8BuOLoixA","UNKNOWN","","0","Scilabus"
"Scilabus","_CWVVjaf9Zo","UNKNOWN","","0","Scilabus"
"Scilabus","K1btkY6fyeE","UNKNOWN","","0","Scilabus"
"Scilabus","qO36985fowo","UNKNOWN","","0","Scilabus"
"Scilabus","r4zE_vgT0IQ","UNKNOWN","","0","Scilabus"
"Scilabus","w4FGJVueXjg","UNKNOWN","","0","Scilabus"
"Scilabus","1EQqeVjZbJo","UNKNOWN","","0","Scilabus"
"Scilabus","PVsYx9TOFEY","UNKNOWN","","0","Scilabus"
"Scilabus","Dh9TMKcneT0","UNKNOWN","","0","Scilabus"
"Scilabus","el-Mq9Al2DI","UNKNOWN","","0","Scilabus"
"Scilabus","MFmwlkM420g","UNKNOWN","","0","Scilabus"
"Scilabus","tk9kI7gYl7M","UNKNOWN","","0","Scilabus"
"Scilabus","_TR67Mn489I","UNKNOWN","","0","Scilabus"
"Scilabus","Podj1f4pA2Y","UNKNOWN","","0","Scilabus"
"Scilabus","vEmf1AzCgTI","UNKNOWN","","0","Scilabus"
"Scilabus","27IX-jovsD4","UNKNOWN","","0","Scilabus"
"Scilabus","wosYnIZfWzs","UNKNOWN","","0","Scilabus"
"Scilabus","nYTLe6Kxtgg","UNKNOWN","","0","Scilabus"
"Scilabus","-nAGXmUi6j0","UNKNOWN","","0","Scilabus"
"Scilabus","zil1pg6RWeQ","UNKNOWN","","0","Scilabus"
"Scilabus","Uz0SlVBpo0g","UNKNOWN","","0","Scilabus"
"Scilabus","Mgh0VgRJ7DM","UNKNOWN","","0","Scilabus"
"Scilabus","jkidFw-9gLY","UNKNOWN","","0","Scilabus"
"Scilabus","w1Xi42XMRFA","UNKNOWN","","0","Scilabus"
"Scilabus","P2oSxXyNSiw","UNKNOWN","","0","Scilabus"
"Scilabus","roJOiQD1wHE","UNKNOWN","","0","Scilabus"
"Scilabus","DeyppaBpgRU","UNKNOWN","","0","Scilabus"
"Scilabus","AkKrsT1axaE","UNKNOWN","","0","Scilabus"
"Scilabus","TkeGKhcLytM","UNKNOWN","","0","Scilabus"
"Scilabus","pzZV4BhDmJA","UNKNOWN","","0","Scilabus"
"Scilabus","zsOzJ86W0YE","UNKNOWN","","0","Scilabus"
"Scilabus","ts6Lo7t6VsM","UNKNOWN","","0","Scilabus"
"Scilabus","EJnS8goRB4s","UNKNOWN","","0","Scilabus"
"Scilabus","_CkAjWurVdM","UNKNOWN","","0","Scilabus"
"Scilabus","aSGhvNMGe7A","UNKNOWN","","0","Scilabus"
"Scilabus","u0VQ8K3UnIk","UNKNOWN","","0","Scilabus"
"Scilabus","2KTdORKOLXs","UNKNOWN","","0","Scilabus"
"Scilabus","oD7T4w1kqIQ","UNKNOWN","","0","Scilabus"
"Scilabus","e0tPrqBTlOc","UNKNOWN","","0","Scilabus"
"Scilabus","oXbfHGmasFs","UNKNOWN","","0","Scilabus"
"Scilabus","bUo5bmV3QbI","UNKNOWN","","0","Scilabus"
"Scilabus","oFzC-VogTvM","UNKNOWN","","0","Scilabus"
"Scilabus","_-NZs76JfH0","UNKNOWN","","0","Scilabus"
"Scilabus","IYSA6muFDck","UNKNOWN","","0","Scilabus"
"Scilabus","EedRLTlOp20","UNKNOWN","","0","Scilabus"
"Scilabus","ks4-qTnlIXM","UNKNOWN","","0","Scilabus"
"Scilabus","tddMRV-w7lc","UNKNOWN","","0","Scilabus"
"Scilabus","BYgHbAzVDAU","UNKNOWN","","0","Scilabus"
"Scilabus","VxMGnyiU3zE","UNKNOWN","","0","Scilabus"
"Scilabus","wCvOmlmMd0E","UNKNOWN","","0","Scilabus"
"Scilabus","cUw-GXD5v2k","UNKNOWN","","0","Scilabus"
"Scilabus","vgTr7_a4bjk","UNKNOWN","","0","Scilabus"
"Scilabus","S27ijc2oI6o","UNKNOWN","","0","Scilabus"
"Scilabus","8vUjz9FDtBc","UNKNOWN","","0","Scilabus"
"Scilabus","O8QWYECrkeU","UNKNOWN","","0","Scilabus"
"Scilabus","JHAYZuGnw0Q","UNKNOWN","","0","Scilabus"
"Scilabus","NLl-AErqAc8","UNKNOWN","","0","Scilabus"
"Scilabus","Y5-Yy8PZbgs","UNKNOWN","","0","Scilabus"
"Scilabus","RTCimgk4RgQ","UNKNOWN","","0","Scilabus"
"Scilabus","6r4aLWeK0cc","UNKNOWN","","0","Scilabus"
"Scilabus","0Xbh5T3r2A4","UNKNOWN","","0","Scilabus"
"Scilabus","1sFLM2wblHc","UNKNOWN","","0","Scilabus"
"Scilabus","yY-0-34j9J8","UNKNOWN","","0","Scilabus"
"Scilabus","Lp2PS3rFeVM","UNKNOWN","","0","Scilabus"
"Scilabus","rxH0CbweF_4","UNKNOWN","","0","Scilabus"
"Scilabus","tutamiF-yd8","UNKNOWN","","0","Scilabus"
"Scilabus","PvOsaJegZzs","UNKNOWN","","0","Scilabus"
"Scilabus","bx5C8lXnnrU","UNKNOWN","","0","Scilabus"
"Scilabus","nDlSQ9Rrh_o","UNKNOWN","","0","Scilabus"
"Scilabus","P-Gy33Tfdos","UNKNOWN","","0","Scilabus"
"Scilabus","qAZZ3RSY8CA","UNKNOWN","","0","Scilabus"
"Scilabus","00MlR5ZxV9I","UNKNOWN","","0","Scilabus"
"Scilabus","oU_NjLGrUG0","UNKNOWN","","0","Scilabus"
"Scilabus","74iBYTWrQmc","UNKNOWN","","0","Scilabus"
"Scilabus","fHnr_pbWmSw","UNKNOWN","","0","Scilabus"
"Scilabus","yxdZ4LmsVv4","UNKNOWN","","0","Scilabus"
"Scilabus","Lq2P91M7TF0","UNKNOWN","","0","Scilabus"
"Scilabus","D5i7vTrVes8","UNKNOWN","","0","Scilabus"
"Scilabus","6QZWz3nD4r8","UNKNOWN","","0","Scilabus"
"Scilabus","Lz0F6Xu7BBk","BLACKLISTED","Scilabus","0","Scilabus"
"Science4All","b2B8Wi6vdf4","UNKNOWN","","0","Science4All"
"Science4All","n2jW66NFxPQ","UNKNOWN","","0","Science4All"
"Science4All","Duqwi8MyXDA","UNKNOWN","","0","Science4All"
"Science4All","vd4Vwla-zP0","UNKNOWN","","0","Science4All"
"Science4All","sKcdbLgOU60","UNKNOWN","","0","Science4All"
"Science4All","VvXfarnn0N4","UNKNOWN","","0","Science4All"
"Science4All","tqc0awqVeMA","UNKNOWN","","0","Science4All"
"Science4All","mjLc67qVj0Q","UNKNOWN","","0","Science4All"
"Science4All","kkU8u6IWrVs","UNKNOWN","","0","Science4All"
"Science4All","YTAw9G1QQHo","UNKNOWN","","0","Science4All"
"Science4All","hc22XtqgECo","UNKNOWN","","0","Science4All"
"Science4All","VOik8vrISPc","UNKNOWN","","0","Science4All"
"Science4All","-zvUSut9Whg","UNKNOWN","","0","Science4All"
"Science4All","gQAvq620lSI","UNKNOWN","","0","Science4All"
"Science4All","ykU1xxLvyuw","UNKNOWN","","0","Science4All"
"Science4All","Sbh3-EHgawI","UNKNOWN","","0","Science4All"
"Science4All","v_sz0elq0eo","UNKNOWN","","0","Science4All"
"Science4All","HrkXi2o70TQ","UNKNOWN","","0","Science4All"
"Science4All","zTc1fIs0Xt8","UNKNOWN","","0","Science4All"
"Science4All","NRQcvCkDpBo","UNKNOWN","","0","Science4All"
"Science4All","2cvj2-Vh8Uc","UNKNOWN","","0","Science4All"
"Science4All","H71WR50stm4","UNKNOWN","","0","Science4All"
"Science4All","rfXe6d8dGP0","UNKNOWN","","0","Science4All"
"Science4All","ikRLGSn2fH4","UNKNOWN","","0","Science4All"
"Science4All","nk5MQtgSjcA","UNKNOWN","","0","Science4All"
"Science4All","1vbbdwpN-qc","UNKNOWN","","0","Science4All"
"Science4All","OWz4St83jWE","UNKNOWN","","0","Science4All"
"Science4All","NGVxl3PUSls","UNKNOWN","","0","Science4All"
"Science4All","v66YDx7U6V0","UNKNOWN","","0","Science4All"
"Science4All","J_RJ5kN9r_0","UNKNOWN","","0","Science4All"
"Science4All","eglvOnpwKmo","UNKNOWN","","0","Science4All"
"Science4All","RW1zX00L1jY","UNKNOWN","","0","Science4All"
"Science4All","iy2RZbq7Kn4","UNKNOWN","","0","Science4All"
"Science4All","I6sIHnoIwR4","UNKNOWN","","0","Science4All"
"Science4All","WHUJL-EjsGY","UNKNOWN","","0","Science4All"
"Science4All","QprkRP-Dylo","UNKNOWN","","0","Science4All"
"Science4All","E9c2y0eUBMs","UNKNOWN","","0","Science4All"
"Science4All","iW0LiIMYqrU","UNKNOWN","","0","Science4All"
"Science4All","IVqXKP91L4E","UNKNOWN","","0","Science4All"
"Science4All","sGLiSLAlwrY","UNKNOWN","","0","Science4All"
"Science4All","8YHFGYh1c6I","UNKNOWN","","0","Science4All"
"Science4All","lYXQvHhfKuM","UNKNOWN","","0","Science4All"
"Science4All","AZZsR4IKt6w","UNKNOWN","","0","Science4All"
"Science4All","vL6cNwSdDxk","UNKNOWN","","0","Science4All"
"Science4All","zPTTxsdtI3A","UNKNOWN","","0","Science4All"
"Science4All","HB2J0MMmEKA","UNKNOWN","","0","Science4All"
"Science4All","lqfNjyuMKeY","BLACKLISTED","Science4All","0","Science4All"
"Science4All","qwFSHelaMV4","UNKNOWN","","0","Science4All"
"Science4All","zzRrXJRhjiw","UNKNOWN","","0","Science4All"
"Science4All","or5WdufFrmI","UNKNOWN","","0","Science4All"
"Science4All","79G5FwAhBDA","UNKNOWN","","0","Science4All"
"Science4All","ro2mAGCdAPw","UNKNOWN","","0","Science4All"
"Science4All","sAjm3-IaRtI","BLACKLISTED","Science4All","0","Science4All"
"Science4All","u83A7DUNMHs","UNKNOWN","","0","Science4All"
"Science4All","XgoHS_cX2uc","UNKNOWN","","0","Science4All"
"Science4All","DnpDDXcR5cY","UNKNOWN","","0","Science4All"
"Science4All","4Yoo_DX2Nt0","UNKNOWN","","0","Science4All"
"Science4All","E8YuCjwVZLw","UNKNOWN","","0","Science4All"
"Science4All","V-VMUEM-ehw","UNKNOWN","","0","Science4All"
"Science4All","THOqgNsClt4","UNKNOWN","","0","Science4All"
"Science4All","EZfNX4U63hc","UNKNOWN","","0","Science4All"
"Science4All","aFFbSZJzJk4","UNKNOWN","","0","Science4All"
"Science4All","8gH-sYnJez4","UNKNOWN","","0","Science4All"
"Science4All","YOZbvw00qgI","UNKNOWN","","0","Science4All"
"Science4All","LZGhBmDVi5A","UNKNOWN","","0","Science4All"
"Science4All","DzXKY-QDY0E","UNKNOWN","","0","Science4All"
"Science4All","TgB9pHZ0YPM","UNKNOWN","","0","Science4All"
"Science4All","ZCMXgs5SB8w","UNKNOWN","","0","Science4All"
"Science4All","vYb3rB0jU70","UNKNOWN","","0","Science4All"
"Science4All","UWzfCuHUeF4","UNKNOWN","","0","Science4All"
"Science4All","BfGhNeEd9Nk","UNKNOWN","","0","Science4All"
"Science4All","lXRVZP-tUzw","UNKNOWN","","0","Science4All"
"Science4All","utWMGi8HTjY","UNKNOWN","","0","Science4All"
"Science4All","P9tlv_SBm5k","UNKNOWN","","0","Science4All"
"Science4All","fe9u6YQTsWY","UNKNOWN","","0","Science4All"
"Science4All","HbFadtOxs4k","UNKNOWN","","0","Science4All"
"Science4All","8eXq-zlm0zM","UNKNOWN","","0","Science4All"
"Science4All","gVFkGJJ9hl0","UNKNOWN","","0","Science4All"
"Science4All","LITxersG52U","UNKNOWN","","0","Science4All"
"Science4All","GWyrwG_QGeI","UNKNOWN","","0","Science4All"
"Science4All","teGocP_kqHQ","UNKNOWN","","0","Science4All"
"Science4All","nFBUeOg4rhA","UNKNOWN","","0","Science4All"
"Science4All","d2TsfE7Avvw","UNKNOWN","","0","Science4All"
"Science4All","HTzEkz8sFEE","UNKNOWN","","0","Science4All"
"Science4All","Ddr-BZ9W180","UNKNOWN","","0","Science4All"
"Science4All","6N0dlorL0r8","UNKNOWN","","0","Science4All"
"Science4All","K15Z-GcGIhU","UNKNOWN","","0","Science4All"
"Science4All","t4X6BWjr_do","UNKNOWN","","0","Science4All"
"Science4All","p-akpZkT5FQ","UNKNOWN","","0","Science4All"
"Science4All","oBNNKf_zoq8","UNKNOWN","","0","Science4All"
"Science4All","6_-UpcHdHk4","UNKNOWN","","0","Science4All"
"Science4All","TwQpmb1CKDM","UNKNOWN","","0","Science4All"
"Science4All","rzw8CVS2AUQ","UNKNOWN","","0","Science4All"
"Science4All","ptJm_otaR5k","UNKNOWN","","0","Science4All"
"Science4All","F-Iy1GcqjyQ","UNKNOWN","","0","Science4All"
"Science4All","koRHY9UDlWc","UNKNOWN","","0","Science4All"
"Science4All","nHy24FJSdEE","UNKNOWN","","0","Science4All"
"Science4All","wa8q84uFfN8","UNKNOWN","","0","Science4All"
"Science4All","Hdf1WbqkL9o","UNKNOWN","","0","Science4All"
"Science4All","1VU3mZYL86A","UNKNOWN","","0","Science4All"
"Science4All","NE7Q9qonzVI","UNKNOWN","","0","Science4All"
"Science4All","mFCLGBZSHA8","UNKNOWN","","0","Science4All"
"Science4All","eAzP2QtAAag","UNKNOWN","","0","Science4All"
"Science4All","2xNxpt32bZM","UNKNOWN","","0","Science4All"
"Science4All","YhoBUKis2xI","UNKNOWN","","0","Science4All"
"Science4All","Ehex8hR8acA","UNKNOWN","","0","Science4All"
"Science4All","nC1yZfYiKA4","UNKNOWN","","0","Science4All"
"Science4All","B1VPbhpGzUE","UNKNOWN","","0","Science4All"
"Science4All","ecqtrDTfDm4","UNKNOWN","","0","Science4All"
"Science4All","oz1afOJhHOA","UNKNOWN","","0","Science4All"
"Science4All","RKZOBSdkUBo","UNKNOWN","","0","Science4All"
"Science4All","e3WXfTOw7xY","UNKNOWN","","0","Science4All"
"Science4All","c_VGCnUWbWU","UNKNOWN","","0","Science4All"
"Science4All","zGhrYMRAoCs","UNKNOWN","","0","Science4All"
"Science4All","I-n2OU78Ck8","UNKNOWN","","0","Science4All"
"Science4All","YDBlBgakdPA","UNKNOWN","","0","Science4All"
"Science4All","RlxK6R4sIFY","UNKNOWN","","0","Science4All"
"Science4All","euk5FwYI1P4","UNKNOWN","","0","Science4All"
"Science4All","mWkE7GXqOMY","UNKNOWN","","0","Science4All"
"Science4All","LGYlT6DsfH8","UNKNOWN","","0","Science4All"
"Science4All","I4f_65scR44","UNKNOWN","","0","Science4All"
"Science4All","ineA65nJ9Ds","UNKNOWN","","0","Science4All"
"Science4All","644u5bBpXi8","UNKNOWN","","0","Science4All"
"Science4All","Jf40Xd52NyQ","UNKNOWN","","0","Science4All"
"Science4All","GQaGszHSRNY","UNKNOWN","","0","Science4All"
"Science4All","qOs8oG-Lvak","UNKNOWN","","0","Science4All"
"Science4All","fMhBmPOh3us","UNKNOWN","","0","Science4All"
"Science4All","wFeR-slXx0o","UNKNOWN","","0","Science4All"
"Science4All","69w3mZOHEtU","UNKNOWN","","0","Science4All"
"Science4All","IuXzWyh6ASk","UNKNOWN","","0","Science4All"
"Science4All","VXeoQcVOIXI","UNKNOWN","","0","Science4All"
"Science4All","rVnanISAHCo","UNKNOWN","","0","Science4All"
"Science4All","1fuIG7rhIXo","UNKNOWN","","0","Science4All"
"Science4All","8pZ49bOeZGI","UNKNOWN","","0","Science4All"
"Science4All","u3HO-MEQlL8","UNKNOWN","","0","Science4All"
"Science4All","7PFcYnjBK9U","UNKNOWN","","0","Science4All"
"Science4All","pVOjnGw5SdE","UNKNOWN","","0","Science4All"
"Science4All","3jtKDWJsvEo","UNKNOWN","","0","Science4All"
"Science4All","r1ICvmQ-ERA","UNKNOWN","","0","Science4All"
"Science4All","kE8mS532tHY","UNKNOWN","","0","Science4All"
"Science4All","BlA0SSjaXnY","UNKNOWN","","0","Science4All"
"Science4All","WAESqCCwdTc","UNKNOWN","","0","Science4All"
"Science4All","9drSElN5XF4","UNKNOWN","","0","Science4All"
"Science4All","3qhUvqvSdig","UNKNOWN","","0","Science4All"
"Science4All","tI-VRN0aAVI","UNKNOWN","","0","Science4All"
"Science4All","mLf8vylou5g","UNKNOWN","","0","Science4All"
"Science4All","0tth0WKlF-8","UNKNOWN","","0","Science4All"
"Science4All","PVb7aSOqx0Q","UNKNOWN","","0","Science4All"
"Science4All","Ia04M4oP1a8","UNKNOWN","","0","Science4All"
"Science4All","pv3SN-NJRX8","UNKNOWN","","0","Science4All"
"Science4All","zbUZnspdQRU","UNKNOWN","","0","Science4All"
"Science4All","qZFHCy5qjN0","UNKNOWN","","0","Science4All"
"Science4All","TADRCm3k4mU","UNKNOWN","","0","Science4All"
"Science4All","Fa3gCM_nZgw","UNKNOWN","","0","Science4All"
"Science4All","VpJHEFLGTqw","UNKNOWN","","0","Science4All"
"Science4All","EFeJt140lCQ","UNKNOWN","","0","Science4All"
"Science4All","-bDho-i5Bqg","UNKNOWN","","0","Science4All"
"Science4All","NOnGn6Bq09o","UNKNOWN","","0","Science4All"
"Science4All","3vvSx99CWGs","UNKNOWN","","0","Science4All"
"Science4All","bC42om6xk5c","UNKNOWN","","0","Science4All"
"Science4All","NSfDK8q4SC8","UNKNOWN","","0","Science4All"
"Science4All","CcduUSZDUPs","UNKNOWN","","0","Science4All"
"Science4All","kD8dNaSZpNg","UNKNOWN","","0","Science4All"
"Science4All","2k1YYqZ84D4","UNKNOWN","","0","Science4All"
"Science4All","5rWpNmm0dfA","UNKNOWN","","0","Science4All"
"Science4All","3m_S7IAPMYY","UNKNOWN","","0","Science4All"
"Science4All","OmC-EgtvzZk","UNKNOWN","","0","Science4All"
"Science4All","QcNLbWk1zVU","UNKNOWN","","0","Science4All"
"Science4All","lJHI483nZcc","UNKNOWN","","0","Science4All"
"Science4All","xJ6MzEIEsf4","UNKNOWN","","0","Science4All"
"Science4All","wn5rxve30ws","UNKNOWN","","0","Science4All"
"Science4All","jdkhjkKAjyM","UNKNOWN","","0","Science4All"
"Science4All","Pgvk1jfI1G8","UNKNOWN","","0","Science4All"
"Science4All","P0YB40z7RJ0","UNKNOWN","","0","Science4All"
"Science4All","pPuJHGB6hQg","UNKNOWN","","0","Science4All"
"Science4All","ZWxbbLNH01A","UNKNOWN","","0","Science4All"
"Science4All","ORoQP3IpYFk","UNKNOWN","","0","Science4All"
"Science4All","KEQDvVCuFv4","UNKNOWN","","0","Science4All"
"Science4All","1P-HyzGvde4","UNKNOWN","","0","Science4All"
"Science4All","i7BIwI9f7PU","UNKNOWN","","0","Science4All"
"Science4All","pAuQaUeruII","UNKNOWN","","0","Science4All"
"Science4All","DFsvK_LnX3c","UNKNOWN","","0","Science4All"
"Science4All","jy9b1HSqtSk","UNKNOWN","","0","Science4All"
"Science4All","YLA1nkgb9qc","UNKNOWN","","0","Science4All"
"Science4All","klwnxbkqatA","UNKNOWN","","0","Science4All"
"Science4All","gxW1YBkDRTI","UNKNOWN","","0","Science4All"
"Science4All","g5YD9m9V2y0","UNKNOWN","","0","Science4All"
"Science4All","rwMQKplB328","UNKNOWN","","0","Science4All"
"Science4All","qRfDboU1gs4","UNKNOWN","","0","Science4All"
"Science4All","4ObyR3yB0XM","UNKNOWN","","0","Science4All"
"Science4All","42-IuroPPyI","UNKNOWN","","0","Science4All"
"Science4All","gfzgtJqTims","UNKNOWN","","0","Science4All"
"Science4All","u3BSrqoCRGc","UNKNOWN","","0","Science4All"
"Science4All","uBCETtvhmMI","UNKNOWN","","0","Science4All"
"Science4All","6j920VapbNM","UNKNOWN","","0","Science4All"
"Science4All","El1jgeowKA8","UNKNOWN","","0","Science4All"
"Science4All","YMOg40C7O-U","UNKNOWN","","0","Science4All"
"Science4All","TDXtBrVrqYY","UNKNOWN","","0","Science4All"
"Science4All","qILkQtkU7iI","UNKNOWN","","0","Science4All"
"Science4All","8lZsSvKqbXU","UNKNOWN","","0","Science4All"
"Science4All","FDdOK5URwks","UNKNOWN","","0","Science4All"
"Science4All","hObHmukX5fw","UNKNOWN","","0","Science4All"
"Science4All","VEWgOMPkXg0","UNKNOWN","","0","Science4All"
"Science4All","k-_mNujaBUs","UNKNOWN","","0","Science4All"
"Science4All","fPWWkDz2YvA","UNKNOWN","","0","Science4All"
"Science4All","nsonPkkyq6Y","UNKNOWN","","0","Science4All"
"Science4All","brm5THIraEM","UNKNOWN","","0","Science4All"
"Science4All","zW_FJnuz8Xg","UNKNOWN","","0","Science4All"
"Science4All","T29CHUmmuOs","UNKNOWN","","0","Science4All"
"Science4All","X0gYOzxua64","UNKNOWN","","0","Science4All"
"Science4All","CocRVkQzxfU","UNKNOWN","","0","Science4All"
"Science4All","ZEukm18IMkw","UNKNOWN","","0","Science4All"
"Science4All","6mYQV6KxM54","UNKNOWN","","0","Science4All"
"Science4All","HWDoJlkVIwI","UNKNOWN","","0","Science4All"
"Science4All","5AfCWxjOKEs","UNKNOWN","","0","Science4All"
"Science4All","Me1qqIt7Jf8","UNKNOWN","","0","Science4All"
"Science4All","JARXHwJoxNk","UNKNOWN","","0","Science4All"
"Science4All","g_u8YWpe4BM","UNKNOWN","","0","Science4All"
"Science4All","61JoMMluJ8E","UNKNOWN","","0","Science4All"
"Science4All","JikwRMXJzk0","UNKNOWN","","0","Science4All"
"Science4All","Fo2FyUxxrEY","UNKNOWN","","0","Science4All"
"Science4All","zG_5OtgxfAg","UNKNOWN","","0","Science4All"
"Science4All","XuAz0ZsjKss","UNKNOWN","","0","Science4All"
"Science4All","h8oL4GXkBV4","UNKNOWN","","0","Science4All"
"Science4All","u6W2tDAeqOM","UNKNOWN","","0","Science4All"
"Science4All","s7EcC_C9ieE","UNKNOWN","","0","Science4All"
"Science4All","OgSA7liZMXI","UNKNOWN","","0","Science4All"
"Science4All","O_dRxCWmCK0","UNKNOWN","","0","Science4All"
"Science4All","Q9-vDFvDdfg","UNKNOWN","","0","Science4All"
"Science4All","8qL2lSQd9L8","UNKNOWN","","0","Science4All"
"Science4All","33ES3kiZrgo","UNKNOWN","","0","Science4All"
"Science4All","x22oI81jyTQ","UNKNOWN","","0","Science4All"
"Science4All","Py4V2rHN1Ns","UNKNOWN","","0","Science4All"
"Science4All","eiIHO3b6zL8","UNKNOWN","","0","Science4All"
"Science4All","n8_zPwh8gMM","UNKNOWN","","0","Science4All"
"Science4All","kAzPZF1TtXA","UNKNOWN","","0","Science4All"
"Science4All","eh56oSanAoI","UNKNOWN","","0","Science4All"
"Science4All","xU7LcNRkmfU","UNKNOWN","","0","Science4All"
"Science4All","HlTDeOfSIHc","UNKNOWN","","0","Science4All"
"Science4All","GdIfDV7FvzQ","UNKNOWN","","0","Science4All"
"Science4All","DKvV1S3B4Uc","UNKNOWN","","0","Science4All"
"Science4All","Z2G4q-E_oHA","UNKNOWN","","0","Science4All"
"Science4All","XdCjz1CV1j8","UNKNOWN","","0","Science4All"
"Science4All","DgrRlP_GRRY","UNKNOWN","","0","Science4All"
"Science4All","pXNeM0pingU","UNKNOWN","","0","Science4All"
"Science4All","wQSM8meaqyg","UNKNOWN","","0","Science4All"
"Science4All","hG_Pc7yxnS8","UNKNOWN","","0","Science4All"
"Science4All","mBLnA1H4BTE","UNKNOWN","","0","Science4All"
"Science4All","6C-10uUqanI","UNKNOWN","","0","Science4All"
"Science4All","pTwl_JuGI-w","UNKNOWN","","0","Science4All"
"Science4All","d1Des_7CBxY","UNKNOWN","","0","Science4All"
"Science4All","r4EtRfHSU7E","UNKNOWN","","0","Science4All"
"Science4All","L_LpNAXmrJk","UNKNOWN","","0","Science4All"
"Science4All","Z2kqh--pItQ","UNKNOWN","","0","Science4All"
"Science4All","B02zkYCtyPU","BLACKLISTED","4All","0","Science4All"
"Science4All","7Mq--HyVydA","UNKNOWN","","0","Science4All"
"Science4All","oh4PNaT5s3c","UNKNOWN","","0","Science4All"
"Science4All","DtFoL77M3Y4","UNKNOWN","","0","Science4All"
"Science4All","WIvUgouP-jo","BLACKLISTED","Science4All","0","Science4All"
"Science4All","D2IazsNG9_g","UNKNOWN","","0","Science4All"
"Science4All","0NbyYOcIwAY","UNKNOWN","","0","Science4All"
"Science4All","Bhaff0ipzcg","UNKNOWN","","0","Science4All"
"Science4All","rGaJDdeeahg","UNKNOWN","","0","Science4All"
"Science4All","WtJl5ez0hfY","UNKNOWN","","0","Science4All"
"Science4All","ymRSxSY1nak","UNKNOWN","","0","Science4All"
"Science4All","Jeyb9BbKtpE","UNKNOWN","","0","Science4All"
"Science4All","1lrofY8E1NU","UNKNOWN","","0","Science4All"
"Science4All","tpNs-Hz6-LM","UNKNOWN","","0","Science4All"
"Science4All","Ee8gLwVCPxg","UNKNOWN","","0","Science4All"
"Science4All","2J9Y9yh7gd8","UNKNOWN","","0","Science4All"
"Science4All","d4vfMgWG-Jw","UNKNOWN","","0","Science4All"
"Science4All","ACWEAdi7wAo","UNKNOWN","","0","Science4All"
"Science4All","u6Z8w9aNjTI","UNKNOWN","","0","Science4All"
"Science4All","6w6_QnImJwU","UNKNOWN","","0","Science4All"
"Science4All","zlPWnNxBUCY","UNKNOWN","","0","Science4All"
"Science4All","RPL2uSoMS-8","UNKNOWN","","0","Science4All"
"Science4All","QzCj0BSWUNI","UNKNOWN","","0","Science4All"
"Science4All","DrjkjPVf7Bw","UNKNOWN","","0","Science4All"
"Science4All","yXEdspuLHsY","UNKNOWN","","0","Science4All"
"Science4All","0i3NAcclKuc","UNKNOWN","","0","Science4All"
"Science4All","o3aLSqu3CIk","UNKNOWN","","0","Science4All"
"Science4All","XsHpuMbvmRc","UNKNOWN","","0","Science4All"
"Science4All","nq_2o7Dtuxo","UNKNOWN","","0","Science4All"
"Science4All","Ult0yab0-mU","UNKNOWN","","0","Science4All"
"Science4All","QyrrvEuRNWU","UNKNOWN","","0","Science4All"
"Science4All","BVbAYIT92Ws","UNKNOWN","","0","Science4All"
"Science4All","7yztDRsarcY","UNKNOWN","","0","Science4All"
"Science4All","fYioC7v1F3U","UNKNOWN","","0","Science4All"
"Science4All","jIHRAVq8IB4","UNKNOWN","","0","Science4All"
"Science4All","CZbTjvSRZhM","UNKNOWN","","0","Science4All"
"Science4All","UynPchmNQBo","UNKNOWN","","0","Science4All"
"Science4All","Uu6K0uR9bus","UNKNOWN","","0","Science4All"
"Science4All","ki26tUbxpnU","UNKNOWN","","0","Science4All"
"Science4All","4JaeQ66_-zs","UNKNOWN","","0","Science4All"
"Science4All","W-GAqomxGmo","UNKNOWN","","0","Science4All"
"Science4All","QMIfjUerDzY","UNKNOWN","","0","Science4All"
"Science4All","DHw-dvrAv58","UNKNOWN","","0","Science4All"
"Science4All","kefptSDi0Es","UNKNOWN","","0","Science4All"
"Science4All","rgzWqAyZW7o","UNKNOWN","","0","Science4All"
"Science4All","qruxfBdYTh8","UNKNOWN","","0","Science4All"
"Science4All","Ad5cReHm4Mw","UNKNOWN","","0","Science4All"
"Science4All","FjP5JMUVXxw","UNKNOWN","","0","Science4All"
"Science4All","zRMPT9ksAsA","UNKNOWN","","0","Science4All"
"Science4All","oHYcOXi06uY","UNKNOWN","","0","Science4All"
"Science4All","1onCF9PfiAo","UNKNOWN","","0","Science4All"
"Science4All","sSfg-rpvO2M","UNKNOWN","","0","Science4All"
"Science4All","QrfTvzmiLGQ","UNKNOWN","","0","Science4All"
"Science4All","uijJJ2OczNs","UNKNOWN","","0","Science4All"
"Science4All","9dXCvjL04uw","UNKNOWN","","0","Science4All"
"Science4All","k3N5BsKmvg0","UNKNOWN","","0","Science4All"
"Science4All","7c7wiAaZiI8","UNKNOWN","","0","Science4All"
"Science4All","MSjbxYEe-yU","UNKNOWN","","0","Science4All"
"Science4All","0WfcgfGTMlY","UNKNOWN","","0","Science4All"
"Science4All","jxsx4WdmoJg","UNKNOWN","","0","Science4All"
"Science4All","4dxwQkrUXpY","UNKNOWN","","0","Science4All"
"Science4All","Re7fycp7vIk","UNKNOWN","","0","Science4All"
"Science4All","l8mVsmzmqfU","UNKNOWN","","0","Science4All"
"Science4All","VH5XoLEM_OA","UNKNOWN","","0","Science4All"
"Science4All","vAdGZkXhlNM","UNKNOWN","","0","Science4All"
"Science4All","wKimU8jy2a8","UNKNOWN","","0","Science4All"
"Science4All","_MAo8pUl0U4","UNKNOWN","","0","Science4All"
"Science4All","RDoDLqkyTqo","UNKNOWN","","0","Science4All"
"Science4All","VNcj7-XUhoc","UNKNOWN","","0","Science4All"
"Science4All","UIQki2ETZhY","UNKNOWN","","0","Science4All"
"Science4All","fBYCoPAmpr4","UNKNOWN","","0","Science4All"
"Science4All","uV5W38TdWX0","UNKNOWN","","0","Science4All"
"Science4All","PKHeVRqZj4w","UNKNOWN","","0","Science4All"
"Science4All","ba4E6EMagj0","UNKNOWN","","0","Science4All"
"Science4All","EIineP-ZGas","UNKNOWN","","0","Science4All"
"Science4All","ep_N_2hniTI","UNKNOWN","","0","Science4All"
"Science4All","jZXWv0th4qA","UNKNOWN","","0","Science4All"
"Science4All","aYSAezs1xOQ","UNKNOWN","","0","Science4All"
"Science4All","WjaoT69T4js","UNKNOWN","","0","Science4All"
"Science4All","-4iFWhzU230","UNKNOWN","","0","Science4All"
"Science4All","7fbn99V1f9U","UNKNOWN","","0","Science4All"
"Science4All","2CqApwhwcTc","UNKNOWN","","0","Science4All"
"Science4All","5VepnhwLfSw","UNKNOWN","","0","Science4All"
"Science4All","xqSKawORrPo","UNKNOWN","","0","Science4All"
"Science4All","Cm0GvResyR4","UNKNOWN","","0","Science4All"
"Science4All","aBJ_pMqGsVo","UNKNOWN","","0","Science4All"
"Science4All","6WF6IMN8m3A","UNKNOWN","","0","Science4All"
"Science4All","oKprCgIKWxo","UNKNOWN","","0","Science4All"
"Science4All","WG8H5zAfxow","UNKNOWN","","0","Science4All"
"Science4All","f13ZaZrfIUc","UNKNOWN","","0","Science4All"
"Science4All","u-W1jXq5JGg","UNKNOWN","","0","Science4All"
"Science4All","pNOhiRwS9rM","UNKNOWN","","0","Science4All"
"Science4All","eOehH6H42Es","UNKNOWN","","0","Science4All"
"Science4All","kl34kGutU1A","UNKNOWN","","0","Science4All"
"Science4All","MP8P6b1qyTc","UNKNOWN","","0","Science4All"
"Science4All","T89yGlF-9ro","UNKNOWN","","0","Science4All"
"Science4All","jOBYSDVbvB4","UNKNOWN","","0","Science4All"
"Science4All","vMnkmBCvGQc","UNKNOWN","","0","Science4All"
"Science4All","IghfFlXK__U","UNKNOWN","","0","Science4All"
"Science4All","Ap10Gb2_wcc","UNKNOWN","","0","Science4All"
"Science4All","_AtkIpi6KP0","UNKNOWN","","0","Science4All"
"Science4All","wg1G5qrEjB0","UNKNOWN","","0","Science4All"
"Science4All","9i8JbISAh-U","UNKNOWN","","0","Science4All"
"Science4All","TVJw_pTMxiI","UNKNOWN","","0","Science4All"
"Science4All","yHE4HC4vf3g","UNKNOWN","","0","Science4All"
"Science4All","BWDh_4OR1vA","UNKNOWN","","0","Science4All"
"Science4All","XcozXulJPYg","UNKNOWN","","0","Science4All"
"Science4All","WJT8zhlObs8","UNKNOWN","","0","Science4All"
"Science4All","eD-CYv7GtWY","UNKNOWN","","0","Science4All"
"Science4All","Yc7snENoFqs","UNKNOWN","","0","Science4All"
"Science4All","KOOAAo1v9fE","UNKNOWN","","0","Science4All"
"Science4All","Kf3hcwHmot8","UNKNOWN","","0","Science4All"
"Science4All","Qu-mulDw84o","UNKNOWN","","0","Science4All"
"Science4All","nd9A_WRGUP4","UNKNOWN","","0","Science4All"
"Science4All","slvVbamP9yg","UNKNOWN","","0","Science4All"
"Science4All","S0k15TrT1tY","UNKNOWN","","0","Science4All"
"Science4All","3abgR4t1wkw","UNKNOWN","","0","Science4All"
"Science4All","TCrG-bPaMUE","UNKNOWN","","0","Science4All"
"Science4All","wIx_W-5nGgs","UNKNOWN","","0","Science4All"
"Science4All","NGytp55uALo","UNKNOWN","","0","Science4All"
"Science4All","1om1Mng5k1M","UNKNOWN","","0","Science4All"
"Science4All","MgbditIaThw","UNKNOWN","","0","Science4All"
"Science4All","es_30L988RY","UNKNOWN","","0","Science4All"
"Science4All","lY2ICUQ7jGI","UNKNOWN","","0","Science4All"
"Science4All","m1mnLmoNvFc","UNKNOWN","","0","Science4All"
"Science4All","oxfcrTT1fzU","UNKNOWN","","0","Science4All"
"Science4All","r02borRbRrs","UNKNOWN","","0","Science4All"
"Science4All","x6T4pG7_0es","UNKNOWN","","0","Science4All"
"Science4All","k-aBGZjYfSA","UNKNOWN","","0","Science4All"
"Science4All","yEYfUmQ5kmw","UNKNOWN","","0","Science4All"
"Science4All","tdRdSjlSCbI","UNKNOWN","","0","Science4All"
"Science4All","ereqx8KiPX4","UNKNOWN","","0","Science4All"
"Science4All","8TmB2uLBzaA","UNKNOWN","","0","Science4All"
"Science4All","Ye_lDGWQRHU","UNKNOWN","","0","Science4All"
"Science4All","IH5rkOEwGMs","UNKNOWN","","0","Science4All"
"Science4All","ADxePh5rwO4","UNKNOWN","","0","Science4All"
"Science4All","VeJf06kgrKI","UNKNOWN","","0","Science4All"
"Science4All","8v2JxCUDW6M","UNKNOWN","","0","Science4All"
"Science4All","fc-32okgzIk","UNKNOWN","","0","Science4All"
"Science4All","kt8Uu37RHbo","UNKNOWN","","0","Science4All"
"Science4All","KmSsEv61IHw","UNKNOWN","","0","Science4All"
"Science4All","GZqpMXBmRuU","UNKNOWN","","0","Science4All"
"Science4All","g9c1gpDFdH4","UNKNOWN","","0","Science4All"
"Science4All","bIJBoElJkoE","UNKNOWN","","0","Science4All"
"Science4All","UJGhgTPl-TM","UNKNOWN","","0","Science4All"
"Science4All","TM9HdSBat8o","UNKNOWN","","0","Science4All"
"Science4All","qP03ZwtQDQw","UNKNOWN","","0","Science4All"
"Science4All","PxRPpdzmbUQ","UNKNOWN","","0","Science4All"
"Vsauce","xHd4zsIbXJ0","UNKNOWN","","0","Vsauce"
"Vsauce","mMaBVfIedFw","UNKNOWN","","0","Vsauce"
"Vsauce","vjqt8T3tJIE","UNKNOWN","","0","Vsauce"
"Vsauce","fXW-QjBsruE","UNKNOWN","","0","Vsauce"
"Vsauce","_ArVh3Cj9rw","UNKNOWN","","0","Vsauce"
"Vsauce","zHL9GP_B30E","UNKNOWN","","0","Vsauce"
"Vsauce","U6VBV4QUMu0","UNKNOWN","","0","Vsauce"
"Vsauce","egEraZP9yXQ","UNKNOWN","","0","Vsauce"
"Vsauce","9Vmwsg8Eabo","UNKNOWN","","0","Vsauce"
"Vsauce","b0cakXwiZ8s","UNKNOWN","","0","Vsauce"
"Vsauce","_WHRWLnVm_M","UNKNOWN","","0","Vsauce"
"Vsauce","AgbeGFYluEA","UNKNOWN","","0","Vsauce"
"Vsauce","BR-eMMCp7tg","UNKNOWN","","0","Vsauce"
"Vsauce","xna-kdXZQHQ","UNKNOWN","","0","Vsauce"
"Vsauce","zRxI0DaQrag","UNKNOWN","","0","Vsauce"
"Vsauce","KND_bBDE8RQ","UNKNOWN","","0","Vsauce"
"Vsauce","rA5qnZUXcqo","UNKNOWN","","0","Vsauce"
"Vsauce","yZlOw3rsPBM","UNKNOWN","","0","Vsauce"
"Vsauce","PJF-cbTC4Cg","UNKNOWN","","0","Vsauce"
"Vsauce","ktkjUjcZid0","UNKNOWN","","0","Vsauce"
"Vsauce","NXNGvDdkXZE","UNKNOWN","","0","Vsauce"
"Vsauce","wcPzTr-BbAA","UNKNOWN","","0","Vsauce"
"Vsauce","QDCcuCHOIyY","UNKNOWN","","0","Vsauce"
"Vsauce","JMpuxLIgjPs","UNKNOWN","","0","Vsauce"
"Vsauce","MBRi7Bz8LZk","FAILED/PENDING","","0","Vsauce"
"Vsauce","a-EC76gHQPQ","FAILED/PENDING","","0","Vsauce"
"Vsauce","1RHsAUyFCAM","UNKNOWN","","0","Vsauce"
"Vsauce","gWoPI-VoFV0","UNKNOWN","","0","Vsauce"
"Vsauce","U3lWVLuc6CE","UNKNOWN","","0","Vsauce"
"Vsauce","1sl5KJ69qiA","UNKNOWN","","0","Vsauce"
"Vsauce","tKUwqyggk4U","UNKNOWN","","0","Vsauce"
"Vsauce","Xc4xYacTu-E","UNKNOWN","","0","Vsauce"
"Vsauce","J51ncHP_BrY","UNKNOWN","","0","Vsauce"
"Vsauce","mxhxL1LzKww","UNKNOWN","","0","Vsauce"
"Vsauce","b2ng8HuPLTk","UNKNOWN","","0","Vsauce"
"Vsauce","WY0j1cZtnp0","UNKNOWN","","0","Vsauce"
"Vsauce","OUdXMoY6fLY","UNKNOWN","","0","Vsauce"
"Vsauce","lmI7NnMqwLQ","UNKNOWN","","0","Vsauce"
"Vsauce","p-VDVI1GMZk","UNKNOWN","","0","Vsauce"
"Vsauce","qZXpgf8N6hs","UNKNOWN","","0","Vsauce"
"Vsauce","zD68reVP0Ek","UNKNOWN","","0","Vsauce"
"Vsauce","skvnj67YGmw","UNKNOWN","","0","Vsauce"
"Vsauce","fbyIYXEu-nQ","UNKNOWN","","0","Vsauce"
"Vsauce","iqKdEhx-dD4","UNKNOWN","","0","Vsauce"
"Vsauce","GAPqEAWW9lc","UNKNOWN","","0","Vsauce"
"Vsauce","XHGKIzCcVa0","UNKNOWN","","0","Vsauce"
"Vsauce","VhVtK7UhKbI","UNKNOWN","","0","Vsauce"
"Vsauce","KUddy8RGwns","UNKNOWN","","0","Vsauce"
"Vsauce","OC8_Sjlvxic","UNKNOWN","","0","Vsauce"
"Vsauce","csInNn6pfT4","UNKNOWN","","0","Vsauce"
"Vsauce","dWcdBOYy_bU","UNKNOWN","","0","Vsauce"
"Vsauce","IJhgZBn-LHg","UNKNOWN","","0","Vsauce"
"Vsauce","SrU9YDoXE88","UNKNOWN","","0","Vsauce"
"Vsauce","ObiqJzfyACM","UNKNOWN","","0","Vsauce"
"Vsauce","ffUnNaQTfZE","UNKNOWN","","0","Vsauce"
"Vsauce","LD0x7ho_IYc","UNKNOWN","","0","Vsauce"
"Vsauce","GDrBIKOR01c","UNKNOWN","","0","Vsauce"
"Vsauce","fCn8zs912OE","UNKNOWN","","0","Vsauce"
"Vsauce","s86-Z-CbaHA","UNKNOWN","","0","Vsauce"
"Vsauce","Ks8WH3xUo_E","UNKNOWN","","0","Vsauce"
"Vsauce","L4AJmvzImbM","UNKNOWN","","0","Vsauce"
"Vsauce","Y2gTSjoEExc","UNKNOWN","","0","Vsauce"
"Vsauce","Pxb5lSPLy9c","UNKNOWN","","0","Vsauce"
"Vsauce","f8WsO__XcI0","UNKNOWN","","0","Vsauce"
"Vsauce","o268qbb_0BM","UNKNOWN","","0","Vsauce"
"Vsauce","qXXZLoq2zFc","UNKNOWN","","0","Vsauce"
"Vsauce","ACUuFg9Y9dY","UNKNOWN","","0","Vsauce"
"Vsauce","O2jkV4BsN6U","UNKNOWN","","0","Vsauce"
"Vsauce","oThh3_Srxtc","UNKNOWN","","0","Vsauce"
"Vsauce","O9ak89FwYeI","UNKNOWN","","0","Vsauce"
"Vsauce","VNqNnUJVcVs","UNKNOWN","","0","Vsauce"
"Vsauce","xn7ZaT3AgoU","UNKNOWN","","0","Vsauce"
"Vsauce","ZbdMMI6ty0o","UNKNOWN","","0","Vsauce"
"Vsauce","sHCHEykUxP4","UNKNOWN","","0","Vsauce"
"Vsauce","nt6ab7BTlgE","UNKNOWN","","0","Vsauce"
"Vsauce","nb0YoRMXIY0","UNKNOWN","","0","Vsauce"
"Vsauce","JTvcpdfGUtQ","UNKNOWN","","0","Vsauce"
"Vsauce","9rIy0xY99a0","UNKNOWN","","0","Vsauce"
"Vsauce","K0-GxoJ_Pcg","UNKNOWN","","0","Vsauce"
"Vsauce","_Oc9tKkH7WE","UNKNOWN","","0","Vsauce"
"Vsauce","Qja4z1HGDQo","BLACKLISTED","VSauce","0","Vsauce"
"Vsauce","scWj1BMRHUA","UNKNOWN","","0","Vsauce"
"Vsauce","C6eOcd06kdk","UNKNOWN","","0","Vsauce"
"Vsauce","VztSdwYPFCE","UNKNOWN","","0","Vsauce"
"Vsauce","w8I25H3bnNw","UNKNOWN","","0","Vsauce"
"Vsauce","w-CK8VxMz9g","UNKNOWN","","0","Vsauce"
"Vsauce","4I5Q3UXkGd0","UNKNOWN","","0","Vsauce"
"Vsauce","mQ0hS7l9ckY","UNKNOWN","","0","Vsauce"
"Vsauce","FJB7gbjiJKw","UNKNOWN","","0","Vsauce"
"Vsauce","qWAF9PgDg2c","UNKNOWN","","0","Vsauce"
"Vsauce","xKg9Vl_Wg5U","UNKNOWN","","0","Vsauce"
"Vsauce","dvKeCcxD3rQ","UNKNOWN","","0","Vsauce"
"Vsauce","Iw8idyw_N6Q","UNKNOWN","","0","Vsauce"
"Vsauce","Dd7dQh8u4Hc","UNKNOWN","","0","Vsauce"
"Vsauce","2lR7s1Y6Zig","UNKNOWN","","0","Vsauce"
"Vsauce","SHZAaGidUbg","UNKNOWN","","0","Vsauce"
"Vsauce","p7THJoRYA2c","UNKNOWN","","0","Vsauce"
"Vsauce","yNLdblFQqsw","UNKNOWN","","0","Vsauce"
"Vsauce","CPBJgpK0Ulc","UNKNOWN","","0","Vsauce"
"Vsauce","Qig68IuPrbk","UNKNOWN","","0","Vsauce"
"Vsauce","ZD037VSAG2I","UNKNOWN","","0","Vsauce"
"Vsauce","Qwd25JV-jnU","UNKNOWN","","0","Vsauce"
"Vsauce","zRP82omMX0g","UNKNOWN","","0","Vsauce"
"Vsauce","7uiv6tKtoKg","UNKNOWN","","0","Vsauce"
"Vsauce","G5s4-Kak49o","UNKNOWN","","0","Vsauce"
"Vsauce","gCBlAAtJA54","UNKNOWN","","0","Vsauce"
"Vsauce","PEikGKDVsCc","UNKNOWN","","0","Vsauce"
"Vsauce","6F7quI-MbzY","UNKNOWN","","0","Vsauce"
"Vsauce","P85Fj8m6v84","UNKNOWN","","0","Vsauce"
"Vsauce","L45Q1_psDqk","UNKNOWN","","0","Vsauce"
"Vsauce","coGfGmOeLjE","UNKNOWN","","0","Vsauce"
"Vsauce","QBK3QpQVnaw","UNKNOWN","","0","Vsauce"
"Vsauce","jTL_sJycQAA","UNKNOWN","","0","Vsauce"
"Vsauce","ixQbCXLUUj8","UNKNOWN","","0","Vsauce"
"Vsauce","w2tKg3E53DM","UNKNOWN","","0","Vsauce"
"Vsauce","DkzQxw16G9w","UNKNOWN","","0","Vsauce"
"Vsauce","im7DzMr8Ygs","UNKNOWN","","0","Vsauce"
"Vsauce","rltpH6ck2Kc","UNKNOWN","","0","Vsauce"
"Vsauce","e5jDspIC4hY","UNKNOWN","","0","Vsauce"
"Vsauce","E4HGfagANiQ","UNKNOWN","","0","Vsauce"
"Vsauce","kdrTQlClb08","UNKNOWN","","0","Vsauce"
"Vsauce","evQsOFQju08","UNKNOWN","","0","Vsauce"
"Vsauce","GUCcObwIsOs","UNKNOWN","","0","Vsauce"
"Vsauce","lD08CuUi_Ek","UNKNOWN","","0","Vsauce"
"Vsauce","1T4XMNN4bNM","UNKNOWN","","0","Vsauce"
"Vsauce","IGK2KprU-To","BLACKLISTED","VSauce","0","Vsauce"
"Vsauce","aHtjhCxRIa4","UNKNOWN","","0","Vsauce"
"Vsauce","MVpkeBYZOrE","UNKNOWN","","0","Vsauce"
"Vsauce","L6S5amkCoyc","UNKNOWN","","0","Vsauce"
"Vsauce","rYXdsOEWBj0","UNKNOWN","","0","Vsauce"
"Vsauce","DAcjV60RnRw","UNKNOWN","","0","Vsauce"
"Vsauce","4e_kz79tjb8","UNKNOWN","","0","Vsauce"
"Vsauce","eiAx2kqmUpQ","UNKNOWN","","0","Vsauce"
"Vsauce","3teflb1QNN4","UNKNOWN","","0","Vsauce"
"Vsauce","Z0zConOPZ8Y","UNKNOWN","","0","Vsauce"
"Vsauce","Do1lm9IevYE","UNKNOWN","","0","Vsauce"
"Vsauce","4fuHzC9aTik","UNKNOWN","","0","Vsauce"
"Vsauce","_6nSOgsI_vo","UNKNOWN","","0","Vsauce"
"Vsauce","b2nqtiam25g","UNKNOWN","","0","Vsauce"
"Vsauce","R3unPcJDbCc","UNKNOWN","","0","Vsauce"
"Vsauce","hYf6av21x5c","UNKNOWN","","0","Vsauce"
"Vsauce","jHbyQ_AQP8c","UNKNOWN","","0","Vsauce"
"Vsauce","U_nHZ3YGT3w","UNKNOWN","","0","Vsauce"
"Vsauce","-yrZpTHBEss","UNKNOWN","","0","Vsauce"
"Vsauce","F981CD-8YEg","UNKNOWN","","0","Vsauce"
"Vsauce","pPXxhgdtcXs","UNKNOWN","","0","Vsauce"
"Vsauce","yBs5yrDyGqc","UNKNOWN","","0","Vsauce"
"Vsauce","3_7KYoO5qHk","UNKNOWN","","0","Vsauce"
"Vsauce","ByQyW7wj5eQ","UNKNOWN","","0","Vsauce"
"Vsauce","BhtgINeaJWg","UNKNOWN","","0","Vsauce"
"Vsauce","UaA-ZeuEcQ0","UNKNOWN","","0","Vsauce"
"Vsauce","GJ4Qp2xeRds","UNKNOWN","","0","Vsauce"
"Vsauce","tAj0B0g2F34","UNKNOWN","","0","Vsauce"
"Vsauce","sAGEOKAG0zw","BLACKLISTED","VSauce","0","Vsauce"
"Vsauce","jGIbUK4nw00","UNKNOWN","","0","Vsauce"
"Vsauce","aNgE_hf41NY","UNKNOWN","","0","Vsauce"
"Vsauce","EqWaWyvuClc","UNKNOWN","","0","Vsauce"
"Vsauce","ddV6jyDeCKA","UNKNOWN","","0","Vsauce"
"Vsauce","I9LbG3Y0_9M","UNKNOWN","","0","Vsauce"
"Vsauce","SBxHJI9syC8","UNKNOWN","","0","Vsauce"
"Vsauce","HFW70hUGRsk","UNKNOWN","","0","Vsauce"
"Vsauce","hup_8uDXJx8","UNKNOWN","","0","Vsauce"
"Vsauce","9m3dQC6IfwY","UNKNOWN","","0","Vsauce"
"Vsauce","cOi2nyiWFmY","UNKNOWN","","0","Vsauce"
"Vsauce","ySjk2_4kDQE","UNKNOWN","","0","Vsauce"
"Vsauce","3pAnRKD4raY","UNKNOWN","","0","Vsauce"
"Vsauce","2eUDExCeayw","UNKNOWN","","0","Vsauce"
"Vsauce","69HCbzffHAc","UNKNOWN","","0","Vsauce"
"Vsauce","UNmaARtB4Ws","UNKNOWN","","0","Vsauce"
"Vsauce","Af3ZG47oT7I","UNKNOWN","","0","Vsauce"
"Vsauce","L4-F_UakaA8","UNKNOWN","","0","Vsauce"
"Vsauce","BTOODPf-iuc","BLACKLISTED","VSauce","0","Vsauce"
"Vsauce","kXLr_bIlz4A","UNKNOWN","","0","Vsauce"
"Vsauce","_UTZDR1Go24","UNKNOWN","","0","Vsauce"
"Vsauce","Ya2D1ao_n2s","UNKNOWN","","0","Vsauce"
"Vsauce","Zt9rvaijpPY","UNKNOWN","","0","Vsauce"
"Vsauce","_tTwjDRa110","UNKNOWN","","0","Vsauce"
"Vsauce","qjfaoe847qQ","UNKNOWN","","0","Vsauce"
"Vsauce","_di83KPJY3s","UNKNOWN","","0","Vsauce"
"Vsauce","7k85eD_tQZo","UNKNOWN","","0","Vsauce"
"Vsauce","DU3OdTLuHf0","UNKNOWN","","0","Vsauce"
"Vsauce","Jf7Uo6nqaIg","UNKNOWN","","0","Vsauce"
"Vsauce","Lx4YuW3bagE","UNKNOWN","","0","Vsauce"
"Vsauce","HiS1-l2xadg","UNKNOWN","","0","Vsauce"
"Vsauce","ghy-FMZSJR0","UNKNOWN","","0","Vsauce"
"Vsauce","Hu73WFkxL6A","UNKNOWN","","0","Vsauce"
"Vsauce","8pxH-wqtV2M","UNKNOWN","","0","Vsauce"
"Vsauce","K93zcgFsynk","UNKNOWN","","0","Vsauce"
"Vsauce","atI-JPGcF-k","UNKNOWN","","0","Vsauce"
"Vsauce","93M3La8n8mw","UNKNOWN","","0","Vsauce"
"Vsauce","CSf8i8bHIns","UNKNOWN","","0","Vsauce"
"Vsauce","OYx1wPSXkUw","UNKNOWN","","0","Vsauce"
"Vsauce","WaUzu-iksi8","UNKNOWN","","0","Vsauce"
"Vsauce","V9R6zFpf9Gw","UNKNOWN","","0","Vsauce"
"Vsauce","RQlrSvnG3dg","UNKNOWN","","0","Vsauce"
"Vsauce","7GGzc3x9WJU","UNKNOWN","","0","Vsauce"
"Vsauce","6LyCC6jjcx8","UNKNOWN","","0","Vsauce"
"Vsauce","_QPcclYWOr4","UNKNOWN","","0","Vsauce"
"Vsauce","5e65WRAA3T0","UNKNOWN","","0","Vsauce"
"Vsauce","Y45aema4iyM","UNKNOWN","","0","Vsauce"
"Vsauce","SLSviqKGxSA","UNKNOWN","","0","Vsauce"
"Vsauce","kiQRPRkouAM","UNKNOWN","","0","Vsauce"
"Vsauce","bA32J-dmtC4","UNKNOWN","","0","Vsauce"
"Vsauce","YMTLkDrcr28","UNKNOWN","","0","Vsauce"
"Vsauce","7c9f9sr6BPg","UNKNOWN","","0","Vsauce"
"Vsauce","yE8rkG9Dw4s","UNKNOWN","","0","Vsauce"
"Vsauce","Kob0wwKtyC8","UNKNOWN","","0","Vsauce"
"Vsauce","WVt_LIbIN7M","UNKNOWN","","0","Vsauce"
"Vsauce","nNBTLbw1_2Q","UNKNOWN","","0","Vsauce"
"Vsauce","qnJHn8_ER9g","UNKNOWN","","0","Vsauce"
"Vsauce","YBi6gUbsz-E","UNKNOWN","","0","Vsauce"
"Vsauce","0tNFEXImX0o","BLACKLISTED","VSauce","0","Vsauce"
"Vsauce","t1g0uoBlQ68","UNKNOWN","","0","Vsauce"
"Vsauce","6zvspznTdIM","UNKNOWN","","0","Vsauce"
"Vsauce","buSaywCF6E8","UNKNOWN","","0","Vsauce"
"Vsauce","5Dgkc3ret2w","UNKNOWN","","0","Vsauce"
"Vsauce","rdHRX7iIAQs","UNKNOWN","","0","Vsauce"
"Vsauce","gLpUe2vVEdE","UNKNOWN","","0","Vsauce"
"Vsauce","6SI-8yZSUPU","UNKNOWN","","0","Vsauce"
"Vsauce","-v3R678Pvj8","UNKNOWN","","0","Vsauce"
"Vsauce","R4sYp1FPw-0","UNKNOWN","","0","Vsauce"
"Vsauce","NT-fgaYKhVg","UNKNOWN","","0","Vsauce"
"Vsauce","9MgctssX5vY","UNKNOWN","","0","Vsauce"
"Vsauce","77tnUHpMQ1E","UNKNOWN","","0","Vsauce"
"Vsauce","Gg-dGBo2D1U","UNKNOWN","","0","Vsauce"
"Vsauce","KOFqBrwld3c","UNKNOWN","","0","Vsauce"
"Vsauce","VYqQ-aShpBc","UNKNOWN","","0","Vsauce"
"Vsauce","Z73FefuxtlM","UNKNOWN","","0","Vsauce"
"Vsauce","VeMNvRYstxQ","UNKNOWN","","0","Vsauce"
"Vsauce","xPp9rvLvdxI","UNKNOWN","","0","Vsauce"
"Vsauce","J2I2vQQwiyE","UNKNOWN","","0","Vsauce"
"Vsauce","nKi7CzP9Dxs","UNKNOWN","","0","Vsauce"
"Vsauce","z4RLbtgaWbQ","UNKNOWN","","0","Vsauce"
"Vsauce","Wa1eWChj-o4","UNKNOWN","","0","Vsauce"
"Vsauce","hP9zimdPXtk","UNKNOWN","","0","Vsauce"
"Vsauce","kwuwJURHgX4","UNKNOWN","","0","Vsauce"
"Vsauce","LX07w8_uNtk","UNKNOWN","","0","Vsauce"
"Vsauce","UIcGn4RcvlU","UNKNOWN","","0","Vsauce"
"Vsauce","1kGnCB5qpOw","UNKNOWN","","0","Vsauce"
"Vsauce","6e1ydLyZYe8","UNKNOWN","","0","Vsauce"
"Vsauce","JVwYB0PY37k","UNKNOWN","","0","Vsauce"
"Vsauce","4Gs2ZIwkXSQ","UNKNOWN","","0","Vsauce"
"Vsauce","xR1sLdupUDs","UNKNOWN","","0","Vsauce"
"Vsauce","P_O3eeVGYik","UNKNOWN","","0","Vsauce"
"Vsauce","Gp_pB9UCnIQ","UNKNOWN","","0","Vsauce"
"Vsauce","jiJg1wGfzWo","UNKNOWN","","0","Vsauce"
"Vsauce","y3x9hz1cGWE","UNKNOWN","","0","Vsauce"
"Vsauce","FqsIQk0pT0M","UNKNOWN","","0","Vsauce"
"Vsauce","C7VxAOHeF4o","UNKNOWN","","0","Vsauce"
"Vsauce","KB24FakYVmc","UNKNOWN","","0","Vsauce"
"Vsauce","vhVHxojwFgU","UNKNOWN","","0","Vsauce"
"Vsauce","5qJbsMb4RPg","BLACKLISTED","VSauce","0","Vsauce"
"Vsauce","sd-Ti6QFeaU","UNKNOWN","","0","Vsauce"
"Vsauce","isEwaLUiLP4","UNKNOWN","","0","Vsauce"
"Vsauce","YXoYccEo1XM","UNKNOWN","","0","Vsauce"
"Vsauce","9SSv3ASZ-tk","UNKNOWN","","0","Vsauce"
"Vsauce","o7tpBXOLV1E","UNKNOWN","","0","Vsauce"
"Vsauce","gIAsT2uDGxE","UNKNOWN","","0","Vsauce"
"Vsauce","-FbRbTWf5JM","UNKNOWN","","0","Vsauce"
"Vsauce","0cq_SgBd0-c","UNKNOWN","","0","Vsauce"
"Vsauce","8yozX45QCqk","UNKNOWN","","0","Vsauce"
"Vsauce","sLN27wguj2Q","UNKNOWN","","0","Vsauce"
"Vsauce","zwX95UaKCRg","UNKNOWN","","0","Vsauce"
"Vsauce","GRy43ljtqXE","UNKNOWN","","0","Vsauce"
"Vsauce","4QLtftU7xtQ","UNKNOWN","","0","Vsauce"
"Vsauce","eYGP6HHYH3M","UNKNOWN","","0","Vsauce"
"Vsauce","STsjV5_ZqWw","UNKNOWN","","0","Vsauce"
"Vsauce","E-QQgIX6xr4","UNKNOWN","","0","Vsauce"
"Vsauce","VmBDBfBhGII","UNKNOWN","","0","Vsauce"
"Vsauce","xWCsRKbXJYE","UNKNOWN","","0","Vsauce"
"Vsauce","yS-dq_vU9OU","UNKNOWN","","0","Vsauce"
"Vsauce","QCxXWKRgRvk","UNKNOWN","","0","Vsauce"
"Vsauce","Bgc2-3ozo00","UNKNOWN","","0","Vsauce"
"Vsauce","SXV2lc0qqnM","UNKNOWN","","0","Vsauce"
"Vsauce","3BqHn0u8xFM","UNKNOWN","","0","Vsauce"
"Vsauce","yhg4jkloYQ4","UNKNOWN","","0","Vsauce"
"Vsauce","PgulkcPkBdk","UNKNOWN","","0","Vsauce"
"Vsauce","6rSVf6KruKc","UNKNOWN","","0","Vsauce"
"Vsauce","ZXBu2Htnie4","UNKNOWN","","0","Vsauce"
"Vsauce","X8pcznnWbkY","UNKNOWN","","0","Vsauce"
"Vsauce","vm60AJRhd1E","UNKNOWN","","0","Vsauce"
"Vsauce","SCognYXKTI4","UNKNOWN","","0","Vsauce"
"Vsauce","mF7PXstubvs","UNKNOWN","","0","Vsauce"
"Vsauce","_ASn9eJNL64","BLACKLISTED","VSauce","0","Vsauce"
"Vsauce","xwuyBTTuUrQ","UNKNOWN","","0","Vsauce"
"Vsauce","Tpyyr9e169Q","UNKNOWN","","0","Vsauce"
"Vsauce","n4PehVqiyIQ","UNKNOWN","","0","Vsauce"
"Vsauce","Qvx5Ekhddaw","UNKNOWN","","0","Vsauce"
"Vsauce","zo1Hd3tozKs","UNKNOWN","","0","Vsauce"
"Vsauce","sCAjHCyfjPU","UNKNOWN","","0","Vsauce"
"Vsauce","aBL-DhdeAYc","UNKNOWN","","0","Vsauce"
"Vsauce","ho8KVOe_y08","UNKNOWN","","0","Vsauce"
"Vsauce","pe8HjeI62J0","UNKNOWN","","0","Vsauce"
"Vsauce","e1-qBvAU0tY","UNKNOWN","","0","Vsauce"
"Vsauce","AIdIu8SQtOI","UNKNOWN","","0","Vsauce"
"Vsauce","G3JJLB25eO0","UNKNOWN","","0","Vsauce"
"Vsauce","DS7Si3EJ9gE","UNKNOWN","","0","Vsauce"
"Vsauce","XxWtPMv4dMA","UNKNOWN","","0","Vsauce"
"Vsauce","VH6DaZ7pVQo","UNKNOWN","","0","Vsauce"
"Vsauce","lCUMNEGiZxY","UNKNOWN","","0","Vsauce"
"Vsauce","eyjLSzq9SBo","UNKNOWN","","0","Vsauce"
"Vsauce","k9muFAEq_-c","UNKNOWN","","0","Vsauce"
"Vsauce","O-621MyYKKo","UNKNOWN","","0","Vsauce"
"Vsauce","ok4wZONsvSk","UNKNOWN","","0","Vsauce"
"Vsauce","I31pi-6NgqM","UNKNOWN","","0","Vsauce"
"Vsauce","1YRxK-hWg7c","UNKNOWN","","0","Vsauce"
"Vsauce","F3WMSWJ64Eg","UNKNOWN","","0","Vsauce"
"Vsauce","xLptmqmMWtU","UNKNOWN","","0","Vsauce"
"Vsauce","3Hmw-W2zVZg","UNKNOWN","","0","Vsauce"
"Vsauce","GDcJqVAhNbE","UNKNOWN","","0","Vsauce"
"Vsauce","cVvAhPlwi7k","UNKNOWN","","0","Vsauce"
"Vsauce","j4NjpN10P4Q","UNKNOWN","","0","Vsauce"
"Vsauce","7tmVwvlPgGc","UNKNOWN","","0","Vsauce"
"Vsauce","1cgy5SRIr2c","UNKNOWN","","0","Vsauce"
"Vsauce","4ZJWv6t-PfY","UNKNOWN","","0","Vsauce"
"Vsauce","6n8L0I-CmtQ","UNKNOWN","","0","Vsauce"
"Vsauce","c1v4ToZQfkE","UNKNOWN","","0","Vsauce"
"Vsauce","rJnrkMSDBls","UNKNOWN","","0","Vsauce"
"Vsauce","uMEcl7AlFl4","UNKNOWN","","0","Vsauce"
"Vsauce","S7sK-SqNoMo","UNKNOWN","","0","Vsauce"
"Vsauce","YaTsPvyTCLQ","UNKNOWN","","0","Vsauce"
"Vsauce","_JmfyoB2jSQ","UNKNOWN","","0","Vsauce"
"Vsauce","gqKUC1jZ6Cc","UNKNOWN","","0","Vsauce"
"Vsauce","TAJ2thKBWXM","UNKNOWN","","0","Vsauce"
"Vsauce","kXBvaj5eFgk","UNKNOWN","","0","Vsauce"
"Vsauce","631u-hRSLYA","UNKNOWN","","0","Vsauce"
"Vsauce","LHbOv-9yx78","UNKNOWN","","0","Vsauce"
"Vsauce","eXazUguoWXs","UNKNOWN","","0","Vsauce"
"Vsauce","jLSELiIvSqk","UNKNOWN","","0","Vsauce"
"Vsauce","CqPONswzchQ","UNKNOWN","","0","Vsauce"
"Vsauce","XeF_gkwryFM","UNKNOWN","","0","Vsauce"
"Vsauce","CK4oWbidhyQ","UNKNOWN","","0","Vsauce"
"Vsauce","1oUqQRHcOlo","UNKNOWN","","0","Vsauce"
"Vsauce","XjLF4-XUH_A","UNKNOWN","","0","Vsauce"
"Vsauce","nMfa45kh9i8","UNKNOWN","","0","Vsauce"
"Vsauce","XjQoend23TM","UNKNOWN","","0","Vsauce"
"Vsauce","273f0aNKuy0","UNKNOWN","","0","Vsauce"
"Vsauce","TXTGvFaqIXE","UNKNOWN","","0","Vsauce"
"Vsauce","eEFsnP3nUR4","UNKNOWN","","0","Vsauce"
"Vsauce","lcz2xzyDyTE","UNKNOWN","","0","Vsauce"
"Vsauce","P2_R9TGQAYM","UNKNOWN","","0","Vsauce"
"Vsauce","APv4QrCdI_g","UNKNOWN","","0","Vsauce"
"Vsauce","jdA1VRmgcWY","UNKNOWN","","0","Vsauce"
"Vsauce","7wupvHtEbEU","UNKNOWN","","0","Vsauce"
"Vsauce","0xJx-0YF5vs","UNKNOWN","","0","Vsauce"
"Vsauce","p5SoWdLO8Kw","UNKNOWN","","0","Vsauce"
"Vsauce","OpYF-R8IE8k","UNKNOWN","","0","Vsauce"
"Vsauce","4VB7xyZdR8s","UNKNOWN","","0","Vsauce"
"Vsauce","QdeFU_vRBT4","UNKNOWN","","0","Vsauce"
"Vsauce","3KVSyQ8J3o4","UNKNOWN","","0","Vsauce"
"Vsauce","u1zHOpQ1xek","UNKNOWN","","0","Vsauce"
"Vsauce","G8xqKbqqWDg","UNKNOWN","","0","Vsauce"
"Vsauce","gKmLpZakyxM","UNKNOWN","","0","Vsauce"
"Vsauce","dacojrlGM7Q","UNKNOWN","","0","Vsauce"
"Vsauce","B4hWxI5_5eo","UNKNOWN","","0","Vsauce"
"Vsauce","aNX2XCcy514","UNKNOWN","","0","Vsauce"
"Vsauce","YxwmC8B5wgg","UNKNOWN","","0","Vsauce"
"Vsauce","hglseVMaoq4","UNKNOWN","","0","Vsauce"
"Vsauce","qYmv5lPGdcs","UNKNOWN","","0","Vsauce"
"Vsauce","VuFSLaQapbU","UNKNOWN","","0","Vsauce"
"Vsauce","gVF92BfeL9c","UNKNOWN","","0","Vsauce"
"Vsauce","qs0QujceVEI","UNKNOWN","","0","Vsauce"
"Vsauce","3x8Eo2TuKHI","UNKNOWN","","0","Vsauce"
"Vsauce","nid0tHZxBA0","UNKNOWN","","0","Vsauce"
"Vsauce","ayYSOAbbmWc","UNKNOWN","","0","Vsauce"
"Vsauce","wgopoQYzeTY","UNKNOWN","","0","Vsauce"
"Vsauce","m_icISNqoS8","UNKNOWN","","0","Vsauce"
"Vsauce","UaOeE8AJD9Q","UNKNOWN","","0","Vsauce"
"Vsauce","GXDKhCWUY8k","UNKNOWN","","0","Vsauce"
"Vsauce","1BuTR5nXS8I","UNKNOWN","","0","Vsauce"
"Heureka","mJIJ8qj8GVo","UNKNOWN","","0","Heureka"
"Heureka","r_NiQoD1g5Y","UNKNOWN","","0","Heureka"
"Heureka","lcrPLGap0Zc","UNKNOWN","","0","Heureka"
"Heureka","n8gCrQ3fWps","UNKNOWN","","0","Heureka"
"Heureka","5okrIV2rrtE","UNKNOWN","","0","Heureka"
"Heureka","yERD6YkY6XM","UNKNOWN","","0","Heureka"
"Heureka","KuVzwhAYamU","UNKNOWN","","0","Heureka"
"Heureka","7yC1OtofY28","UNKNOWN","","0","Heureka"
"Heureka","APN_tnr2r5M","UNKNOWN","","0","Heureka"
"Heureka","flMOPiwaeQ4","UNKNOWN","","0","Heureka"
"Heureka","B8fQyuB0ytE","UNKNOWN","","0","Heureka"
"Heureka","LbkJMJUYy3Q","UNKNOWN","","0","Heureka"
"Heureka","L8vLG8DAGyU","UNKNOWN","","0","Heureka"
"Heureka","MpXxSq5cRMo","UNKNOWN","","0","Heureka"
"Heureka","Vx7S4nWzFHk","UNKNOWN","","0","Heureka"
"Heureka","R_8sjao6tGI","UNKNOWN","","0","Heureka"
"Heureka","5bPshVQMcuY","UNKNOWN","","0","Heureka"
"Heureka","9wzRjA9rsKc","UNKNOWN","","0","Heureka"
"Heureka","tcFBRJTrPxI","UNKNOWN","","0","Heureka"
"Heureka","nhKjLqCzc4c","UNKNOWN","","0","Heureka"
"Heureka","GhjcWXdVrqo","UNKNOWN","","0","Heureka"
"Heureka","Wxp__MZgwAI","UNKNOWN","","0","Heureka"
"Heureka","Ep3biZAtitE","UNKNOWN","","0","Heureka"
"Heureka","P3to46JLDu8","UNKNOWN","","0","Heureka"
"Heureka","WqDVmluGdec","UNKNOWN","","0","Heureka"
"Heureka","mxWbFG32_dw","UNKNOWN","","0","Heureka"
"Heureka","rZCKv0C6Dqs","UNKNOWN","","0","Heureka"
"Heureka","ienoSbONyhw","UNKNOWN","","0","Heureka"
"Heureka","n1Kuomt_wgw","UNKNOWN","","0","Heureka"
"Heureka","0kjwOJ0hTpg","UNKNOWN","","0","Heureka"
"Heureka","F0KUsmld7dY","UNKNOWN","","0","Heureka"
"Heureka","Ga-p11MVYzs","UNKNOWN","","0","Heureka"
"Heureka","hSPsaNmFumk","UNKNOWN","","0","Heureka"
"Heureka","UuIt21q9gCY","UNKNOWN","","0","Heureka"
"Heureka","6gbONovAl8A","UNKNOWN","","0","Heureka"
"Heureka","zqTRdSUhgQw","UNKNOWN","","0","Heureka"
"Heureka","8ysjQYvgyCc","UNKNOWN","","0","Heureka"
"Heureka","ZdmJqvYsAFY","UNKNOWN","","0","Heureka"
"Heureka","aed8Q40M8r8","UNKNOWN","","0","Heureka"
"Heureka","se7tPtdC5bA","UNKNOWN","","0","Heureka"
"Heureka","qoazqJEBGsc","UNKNOWN","","0","Heureka"
"Heureka","EGs5kYYw6d8","UNKNOWN","","0","Heureka"
"Heureka","GnmUW34k0dc","UNKNOWN","","0","Heureka"
"Heureka","nAO21ec1lqc","UNKNOWN","","0","Heureka"
"Heureka","zRPiNFhkb0w","UNKNOWN","","0","Heureka"
"Heureka","mj9Fma0dRoE","UNKNOWN","","0","Heureka"
"Heureka","x9z65AZ9JuM","UNKNOWN","","0","Heureka"
"Heureka","CZglDRz5ey4","UNKNOWN","","0","Heureka"
"Heureka","jsaCcW2LyyI","UNKNOWN","","0","Heureka"
"Heureka","0sV-5IG4h54","UNKNOWN","","0","Heureka"
"Heureka","uTox1bXamW0","UNKNOWN","","0","Heureka"
"Heureka","Qf-VuCNLA8I","UNKNOWN","","0","Heureka"
"Heureka","8wZ-g4mqGFQ","UNKNOWN","","0","Heureka"
"Heureka","CFtS-nLgYu8","UNKNOWN","","0","Heureka"
"Heureka","ZAFXDl-Lszc","UNKNOWN","","0","Heureka"
"Heureka","1Az-qCxYwYI","UNKNOWN","","0","Heureka"
"Heureka","i6fF10O-idY","UNKNOWN","","0","Heureka"
"Heureka","gE2-VTfevH8","UNKNOWN","","0","Heureka"
"Heureka","YwlTzfcg_Eo","UNKNOWN","","0","Heureka"
"Heureka","u17oYAUe1Xo","UNKNOWN","","0","Heureka"
"Heureka","FCa5ISgMQjg","UNKNOWN","","0","Heureka"
"Heureka","AUHp3YPOOfI","UNKNOWN","","0","Heureka"
"Heureka","BldugSTNxUU","UNKNOWN","","0","Heureka"
"Heureka","8pIoK2SRRns","UNKNOWN","","0","Heureka"
"Heureka","IbQa9uJ74nI","UNKNOWN","","0","Heureka"
"Heureka","nwfv_a4Ns1c","UNKNOWN","","0","Heureka"
"Heureka","5dA-6mRGD6c","UNKNOWN","","0","Heureka"
"Heureka","8BlIV3VFGZQ","UNKNOWN","","0","Heureka"
"Heureka","JWi7OEC3db4","UNKNOWN","","0","Heureka"
"Heureka","Y-kTfldZfpc","UNKNOWN","","0","Heureka"
"Heureka","xIHlnSOx1Io","UNKNOWN","","0","Heureka"
"Heureka","bsgEdQB05_U","UNKNOWN","","0","Heureka"
"Heureka","bdoEm_KnFdQ","UNKNOWN","","0","Heureka"
"Heureka","VYoU71MG1Ic","UNKNOWN","","0","Heureka"
"Heureka","32nki6IulhE","UNKNOWN","","0","Heureka"
"Heureka","57zlQoUldXc","UNKNOWN","","0","Heureka"
"Heureka","PzI0JFof4u8","UNKNOWN","","0","Heureka"
"Heureka","R6GHKUOewFg","UNKNOWN","","0","Heureka"
"Heureka","Em4nNnnC8og","UNKNOWN","","0","Heureka"
"Heureka","oRzQHPWAO8w","UNKNOWN","","0","Heureka"
"Heureka","ztIWWYlM9-I","UNKNOWN","","0","Heureka"
"Heureka","wvt0S9b4IoY","UNKNOWN","","0","Heureka"
"Heureka","s41wQ4fqfBU","UNKNOWN","","0","Heureka"
"Heureka","ixdXIBxPnLc","UNKNOWN","","0","Heureka"
"Heureka","vCjPbij3gmw","UNKNOWN","","0","Heureka"
"Heureka","aIOUlRtCDKk","UNKNOWN","","0","Heureka"
"Heureka","_Zu5dDi9_uY","UNKNOWN","","0","Heureka"
"Heureka","t1h766vePFk","UNKNOWN","","0","Heureka"
"Heureka","vm-FN9KlOkQ","UNKNOWN","","0","Heureka"
"Heureka","nHnH-a9ySgY","UNKNOWN","","0","Heureka"
"Heureka","VZok77XJPdA","UNKNOWN","","0","Heureka"
"Heureka","eqIZGw6n7hU","UNKNOWN","","0","Heureka"
"Heureka","Ncbg4IEoueo","UNKNOWN","","0","Heureka"
"Heureka","KsfjIFE4ce4","UNKNOWN","","0","Heureka"
"Heureka","_6_82twyTGQ","UNKNOWN","","0","Heureka"
"Heureka","a8LXzgpjsew","UNKNOWN","","0","Heureka"
"Heureka","5uBXviM1PcQ","UNKNOWN","","0","Heureka"
"Heureka","8iwvrMMRj_s","UNKNOWN","","0","Heureka"
"Heureka","WYLXFeCL3HQ","UNKNOWN","","0","Heureka"
"Heureka","iqhEA_DWDZI","UNKNOWN","","0","Heureka"
"Heureka","HPanGAZGCII","UNKNOWN","","0","Heureka"
"Heureka","7kYXEBHePJc","UNKNOWN","","0","Heureka"
"Heureka","8EEBquhKgxc","UNKNOWN","","0","Heureka"
"Heureka","B3d7qVWnb4I","UNKNOWN","","0","Heureka"
"Heureka","iFr2CfilL8E","UNKNOWN","","0","Heureka"
"Heureka","gUOdJuSf7BQ","UNKNOWN","","0","Heureka"
"Heureka","AY9z_Ti6wcE","UNKNOWN","","0","Heureka"
"Heureka","z0KK0uaXfLE","UNKNOWN","","0","Heureka"
"Heureka","t-6MyCpL9yU","UNKNOWN","","0","Heureka"
"Heureka","WUtjf5dXuig","UNKNOWN","","0","Heureka"
"Heureka","ZbFQ4knxFhE","UNKNOWN","","0","Heureka"
"Heureka","oO-v_mHcmKA","UNKNOWN","","0","Heureka"
"Heureka","NhH010TlitE","UNKNOWN","","0","Heureka"
"Heureka","sWUBYTMfV28","UNKNOWN","","0","Heureka"
"Heureka","frepwToPaso","UNKNOWN","","0","Heureka"
"Heureka","n7jn-l2SbVk","UNKNOWN","","0","Heureka"
"Heureka","7hn5-2Ynj-I","UNKNOWN","","0","Heureka"
"Heureka","P4bokC_KlJc","UNKNOWN","","0","Heureka"
"Heureka","nN0dAUdL0I4","UNKNOWN","","0","Heureka"
"Heureka","h4XZpkrpIbs","UNKNOWN","","0","Heureka"
"Heureka","BuEyrskPUws","UNKNOWN","","0","Heureka"
"Heureka","CDU9ayWOsKc","UNKNOWN","","0","Heureka"
"Heureka","GplUE1NGqgA","UNKNOWN","","0","Heureka"
"Heureka","KSQpp3CNeZQ","UNKNOWN","","0","Heureka"
"Heureka","O-SH-QPAicY","UNKNOWN","","0","Heureka"
"Heureka","QyflvU7snnA","UNKNOWN","","0","Heureka"
"Heureka","NKYBz-E_g9U","UNKNOWN","","0","Heureka"
"Heureka","HE_6h9LWVKw","UNKNOWN","","0","Heureka"
"Heureka","lZ6CmwquKKQ","UNKNOWN","","0","Heureka"
"Heureka","N0OlW7G0Yqk","UNKNOWN","","0","Heureka"
"Heureka","lRT0JvYf6Xo","UNKNOWN","","0","Heureka"
"Heureka","BlVxvGmDWeg","BLACKLISTED","Heureka","0","Heureka"
"Heureka","RSMyjLAthBE","UNKNOWN","","0","Heureka"
"Heureka","bHwWLXsi-o8","UNKNOWN","","0","Heureka"
"Heureka","4Lc4hvhqps4","UNKNOWN","","0","Heureka"
